Workbook

Sheet DASHBOARD
B2: TWENTY SWIM - DASHBOARD LEVEL & JADWAL COACH (BANDUNG)
B3: Semua angka dihitung otomatis dari 30 tab coach - tambah/ubah siswa di tab coach, dashboard ikut berubah.
B5: TOTAL SISWA | F5: JUMLAH COACH | J5: SOSIALISASI SUDAH | N5: SOSIALISASI BELUM
B6: =COUNTA('Aina Triyana Anggraini'!$B$5:$B$54)+COUNTA('Aldi Suryadinata'!$B$5:$B$54)+COUNTA('Asyahlan Hielmy'!$B$5:$B$54)+COUNTA('Asyira Nur Haida'!$B$5:$B$54)+COUNTA('Bayu Rizki Alfarizi'!$B$5:$B$54)+COUNTA('Chandanie Nely Agustin'!$B$5:$B$54)+COUNTA('Dida Zein Risty'!$B$5:$B$54)+COUNTA('Fadil Rijatul Haq'!$B$5:$B$54)+COUNTA('Faega Fitriani Dwi Putri'!$B$5:$B$54)+COUNTA('Fajri Rizki Robbani'!$B$5:$B$54)+COUNTA('Fakhri Safrudin Sopandi'!$B$5:$B$54)+COUNTA('Moh. Rizky Nugraha'!$B$5:$B$54)+COUNTA('Muhammad Akbar Putra'!$B$5:$B$54)+COUNTA('Muhammad Hafidz Ramadhan'!$B$5:$B$54)+COUNTA('Muhammad Lutfhi Mubarrok'!$B$5:$B$54)+COUNTA('Muhammad Nadhira Shafar'!$B$5:$B$54)+COUNTA('Muhammad Rafi Fakhrul Aiman'!$B$5:$B$54)+COUNTA('Muhammad Reyvin Aryaguna'!$B$5:$B$54)+COUNTA('Nadzar Akbar Subagja'!$B$5:$B$54)+COUNTA('Najwan Muhammad Ghalib'!$B$5:$B$54)+COUNTA('Nia Rizkiyanti'!$B$5:$B$54)+COUNTA('Nur Ainillah Nabawi'!$B$5:$B$54)+COUNTA('Nurul Khairunnissa'!$B$5:$B$54)+COUNTA('Putri Maharani'!$B$5:$B$54)+COUNTA('Rika Kartika'!$B$5:$B$54)+COUNTA('Riva Nur Fathiya Safitri'!$B$5:$B$54)+COUNTA('Shintia Nur Fadillah'!$B$5:$B$54)+COUNTA('Sinta Faoziah'!$B$5:$B$54)+COUNTA('Tiara Anastasya Gumilar'!$B$5:$B$54)+COUNTA('Tiara Maelani'!$B$5:$B$54) | F6: =COUNTA(Daftar!$I$2:$I$31) | J6: =COUNTIF('Aina Triyana Anggraini'!$G$5:$G$54,"Sudah")+COUNTIF('Aldi Suryadinata'!$G$5:$G$54,"Sudah")+COUNTIF('Asyahlan Hielmy'!$G$5:$G$54,"Sudah")+COUNTIF('Asyira Nur Haida'!$G$5:$G$54,"Sudah")+COUNTIF('Bayu Rizki Alfarizi'!$G$5:$G$54,"Sudah")+COUNTIF('Chandanie Nely Agustin'!$G$5:$G$54,"Sudah")+COUNTIF('Dida Zein Risty'!$G$5:$G$54,"Sudah")+COUNTIF('Fadil Rijatul Haq'!$G$5:$G$54,"Sudah")+COUNTIF('Faega Fitriani Dwi Putri'!$G$5:$G$54,"Sudah")+COUNTIF('Fajri Rizki Robbani'!$G$5:$G$54,"Sudah")+COUNTIF('Fakhri Safrudin Sopandi'!$G$5:$G$54,"Sudah")+COUNTIF('Moh. Rizky Nugraha'!$G$5:$G$54,"Sudah")+COUNTIF('Muhammad Akbar Putra'!$G$5:$G$54,"Sudah")+COUNTIF('Muhammad Hafidz Ramadhan'!$G$5:$G$54,"Sudah")+COUNTIF('Muhammad Lutfhi Mubarrok'!$G$5:$G$54,"Sudah")+COUNTIF('Muhammad Nadhira Shafar'!$G$5:$G$54,"Sudah")+COUNTIF('Muhammad Rafi Fakhrul Aiman'!$G$5:$G$54,"Sudah")+COUNTIF('Muhammad Reyvin Aryaguna'!$G$5:$G$54,"Sudah")+COUNTIF('Nadzar Akbar Subagja'!$G$5:$G$54,"Sudah")+COUNTIF('Najwan Muhammad Ghalib'!$G$5:$G$54,"Sudah")+COUNTIF('Nia Rizkiyanti'!$G$5:$G$54,"Sudah")+COUNTIF('Nur Ainillah Nabawi'!$G$5:$G$54,"Sudah")+COUNTIF('Nurul Khairunnissa'!$G$5:$G$54,"Sudah")+COUNTIF('Putri Maharani'!$G$5:$G$54,"Sudah")+COUNTIF('Rika Kartika'!$G$5:$G$54,"Sudah")+COUNTIF('Riva Nur Fathiya Safitri'!$G$5:$G$54,"Sudah")+COUNTIF('Shintia Nur Fadillah'!$G$5:$G$54,"Sudah")+COUNTIF('Sinta Faoziah'!$G$5:$G$54,"Sudah")+COUNTIF('Tiara Anastasya Gumilar'!$G$5:$G$54,"Sudah")+COUNTIF('Tiara Maelani'!$G$5:$G$54,"Sudah") | N6: =COUNTIF('Aina Triyana Anggraini'!$G$5:$G$54,"Belum")+COUNTIF('Aldi Suryadinata'!$G$5:$G$54,"Belum")+COUNTIF('Asyahlan Hielmy'!$G$5:$G$54,"Belum")+COUNTIF('Asyira Nur Haida'!$G$5:$G$54,"Belum")+COUNTIF('Bayu Rizki Alfarizi'!$G$5:$G$54,"Belum")+COUNTIF('Chandanie Nely Agustin'!$G$5:$G$54,"Belum")+COUNTIF('Dida Zein Risty'!$G$5:$G$54,"Belum")+COUNTIF('Fadil Rijatul Haq'!$G$5:$G$54,"Belum")+COUNTIF('Faega Fitriani Dwi Putri'!$G$5:$G$54,"Belum")+COUNTIF('Fajri Rizki Robbani'!$G$5:$G$54,"Belum")+COUNTIF('Fakhri Safrudin Sopandi'!$G$5:$G$54,"Belum")+COUNTIF('Moh. Rizky Nugraha'!$G$5:$G$54,"Belum")+COUNTIF('Muhammad Akbar Putra'!$G$5:$G$54,"Belum")+COUNTIF('Muhammad Hafidz Ramadhan'!$G$5:$G$54,"Belum")+COUNTIF('Muhammad Lutfhi Mubarrok'!$G$5:$G$54,"Belum")+COUNTIF('Muhammad Nadhira Shafar'!$G$5:$G$54,"Belum")+COUNTIF('Muhammad Rafi Fakhrul Aiman'!$G$5:$G$54,"Belum")+COUNTIF('Muhammad Reyvin Aryaguna'!$G$5:$G$54,"Belum")+COUNTIF('Nadzar Akbar Subagja'!$G$5:$G$54,"Belum")+COUNTIF('Najwan Muhammad Ghalib'!$G$5:$G$54,"Belum")+COUNTIF('Nia Rizkiyanti'!$G$5:$G$54,"Belum")+COUNTIF('Nur Ainillah Nabawi'!$G$5:$G$54,"Belum")+COUNTIF('Nurul Khairunnissa'!$G$5:$G$54,"Belum")+COUNTIF('Putri Maharani'!$G$5:$G$54,"Belum")+COUNTIF('Rika Kartika'!$G$5:$G$54,"Belum")+COUNTIF('Riva Nur Fathiya Safitri'!$G$5:$G$54,"Belum")+COUNTIF('Shintia Nur Fadillah'!$G$5:$G$54,"Belum")+COUNTIF('Sinta Faoziah'!$G$5:$G$54,"Belum")+COUNTIF('Tiara Anastasya Gumilar'!$G$5:$G$54,"Belum")+COUNTIF('Tiara Maelani'!$G$5:$G$54,"Belum")
B8: nama terisi di 30 tab coach | F8: tab coach aktif | J8: keselamatan ke ortu: Sudah | N8: keselamatan ke ortu: Belum
B10: SEBARAN SISWA
B27: PROGRAM & RISIKO
B44: LOKASI & KOLAM (DARI TABEL JADWAL)
B68: RINGKASAN ANGKA
B69: Status PA | D69: ='Data Dashboard'!H17 | J69: Program belum diisi | L69: ='Data Dashboard'!E10
B70: Status Standalone | D70: ='Data Dashboard'!H18 | J70: Risiko belum diisi | L70: ='Data Dashboard'!H7
B71: Level belum diisi | D71: ='Data Dashboard'!B19 | J71: Sosialisasi belum diisi | L71: ='Data Dashboard'!H13
B74: Privasi: dashboard hanya menampilkan angka agregat - tanpa nama siswa.
B75: Catatan: grafik Lokasi & Kolam menghitung baris jadwal yang diisi di tabel kanan tiap tab coach; Top 8 coach dihitung dari jumlah nama di tiap tab.

Sheet Member Aktif
A1: TWENTY SWIM - DAFTAR MEMBER AKTIF
A2: Gabungan semua siswa dari 30 tab coach, urut abjad. Pilih filter di bawah (kosongkan = tampilkan semua).
A3: Coach: | C3: Program: | E3: Level:
A4: Ditampilkan: | B4: =COUNTA($B$6:$B$2000) | C4: siswa
A5: Nama Siswa | B5: Coach | C5: Program/Kelas | D5: Level
A6: =IFERROR(FILTER(DataMember!$A$2:$D$2000,DataMember!$A$2:$A$2000<>"",(((DataMember!$B$2:$B$2000=$B$3)+($B$3=""))>0),(((DataMember!$C$2:$C$2000=$D$3)+($D$3=""))>0),(((DataMember!$D$2:$D$2000=$F$3)+($F$3=""))>0)),"Tidak ada siswa untuk filter ini.")

Sheet Panduan Level SSI
A1: PANDUAN LEVEL SSI (SWIM SCHOOL INTERNATIONAL)
A3: Kategori | B3: Level | C3: Rentang Usia | E3: PROGRAM / KELAS
A4: Baby Swim | B4: Baby Swim I | C4: 3 bulan - 2 thn 11 bln | E4: Program | F4: Warna di tab coach
A5: Baby Swim | B5: Baby Swim II | C5: 3 bulan - 2 thn 11 bln | E5: Private Class | F5: Biru muda
A6: Aquatike | B6: Aquatike I | C6: 3 thn - 4 thn 11 bln | E6: Couple Class | F6: Biru muda
A7: Aquatike | B7: Aquatike II | C7: 3 thn - 4 thn 11 bln | E7: Group Class | F7: Biru muda
A8: Aquatike | B8: Aquatike III | C8: 3 thn - 4 thn 11 bln | E8: Reguler Class | F8: Biru muda
A9: Preschool | B9: Preschool I | C9: 5 thn - 6 thn | E9: Baby Swim | F9: Merah muda
A10: Preschool | B10: Preschool II | C10: 5 thn - 6 thn | E10: Hydrotherapy Class | F10: Merah muda
A11: Beginner | B11: Beginner I | C11: 6 thn - dewasa
A12: Beginner | B12: Beginner II | C12: 6 thn - dewasa | E12: RISIKO & SOSIALISASI
A13: Beginner | B13: Beginner III | C13: 6 thn - dewasa | E13: Nilai | F13: Warna
A14: Intermediate | B14: Intermediate I | C14: 6 thn - dewasa | E14: Risiko: Rendah | F14: otomatis saat dipilih
A15: Intermediate | B15: Intermediate II | C15: 6 thn - dewasa | E15: Risiko: Sedang | F15: otomatis saat dipilih
A16: Advanced | B16: Advanced I | C16: 6 thn - dewasa | E16: Risiko: Tinggi | F16: otomatis saat dipilih
A17: Advanced | B17: Advanced II | C17: 6 thn - dewasa | E17: Sosialisasi: Sudah | F17: otomatis saat dipilih
A18: Swim Team Prep | B18: Swim Team Prep | C18: Transisi atlet kompetitif | E18: Sosialisasi: Belum | F18: otomatis saat dipilih
A21: KETERANGAN STATUS | E21: CARA PAKAI FILE INI
A22: Status | B22: Keterangan | E22: 1. Isi data hanya di tab coach (kolom putih). Kolom dropdown tinggal pilih.
A23: PA (Parent Assist) | B23: Ada pendamping di air | E23: 2. Kolom No dan Coach terisi otomatis - jangan diketik manual.
A24: Standalone | B24: Mandiri tanpa pendamping | E24: 3. Tabel kanan di tiap tab coach adalah jadwal latihan: isi Jam, Nama Siswa, Lokasi, Kolam.
E25: 4. Tab DASHBOARD dan Member Aktif menghitung sendiri dari 30 tab coach.
E26: 5. Tab Member Aktif: pilih Coach / Program / Level untuk menyaring; kosongkan untuk semua.
E27: 6. Tab DataMember, Data Dashboard, dan Daftar disembunyikan (sumber rumus & dropdown). Jangan diubah.
E28: 7. Rumus SORT + FILTER di Member Aktif dibuat untuk Google Sheets (Excel 365 juga mendukung).
E29: Sumber data awal: Database_Siswa_Twenty_SSI.xlsx (Nama, Level Saat Ini, Status) per tab coach.
E30: Program/Kelas diisi otomatis hanya jika ada petunjuk di data asal, mis. '(Private)', '(Grup)',
E31: '(Couple)', 'Swim/Hydro Therapy' -> Hydrotherapy Class, level Baby Swim -> Baby Swim. Sisanya kosong.

Sheet Aina Triyana Anggraini
A1: TWENTY SWIM - LEVEL SISWA & JADWAL LATIHAN (BANDUNG)
A2: Pelatih: Aina Triyana Anggraini | D2: Terisi: | E2: =COUNTA($B$5:$B$54) | F2: siswa
A3: Isi kolom putih. Kolom berwarna = dropdown, tinggal pilih. No & Coach terisi otomatis.
A4: No | B4: Nama Siswa | C4: Program/Kelas | D4: Level Saat Ini | E4: Status | F4: Risiko | G4: Sosialisasi Keselamatan ke Ortu | H4: Coach | J4: JADWAL LATIHAN (Senin-Jumat 5 baris, Sabtu-Minggu 10 baris)
A5: =IF($B5<>"",ROW()-4,"") | B5: Nazeeva Hulwa Elzanitha | C5: Baby Swim | D5: Baby Swim I | E5: PA | H5: =IF($B5<>"","Aina Triyana Anggraini","") | J5: Hari | K5: Jam | L5: Nama Siswa | M5: Lokasi (wilayah) | N5: Kolam
A6: =IF($B6<>"",ROW()-4,"") | B6: Askara Al Biruni | C6: Baby Swim | D6: Baby Swim I | E6: PA | H6: =IF($B6<>"","Aina Triyana Anggraini","") | J6: Senin
A7: =IF($B7<>"",ROW()-4,"") | B7: Sakina | D7: Preschool I | E7: Standalone | H7: =IF($B7<>"","Aina Triyana Anggraini","")
A8: =IF($B8<>"",ROW()-4,"") | B8: Lubna | D8: Preschool I | E8: Standalone | H8: =IF($B8<>"","Aina Triyana Anggraini","")
A9: =IF($B9<>"",ROW()-4,"") | B9: Finna | D9: Aquatike I | E9: Standalone | H9: =IF($B9<>"","Aina Triyana Anggraini","")
A10: =IF($B10<>"",ROW()-4,"") | B10: Falisha | D10: Preschool I | E10: Standalone | H10: =IF($B10<>"","Aina Triyana Anggraini","")
A11: =IF($B11<>"",ROW()-4,"") | B11: Medina | D11: Aquatike I | E11: Standalone | H11: =IF($B11<>"","Aina Triyana Anggraini","") | J11: Selasa
A12: =IF($B12<>"",ROW()-4,"") | B12: Jennaira | D12: Aquatike I | E12: Standalone | H12: =IF($B12<>"","Aina Triyana Anggraini","")
A13: =IF($B13<>"",ROW()-4,"") | B13: Mikayla | D13: Preschool I | E13: Standalone | H13: =IF($B13<>"","Aina Triyana Anggraini","")
A14: =IF($B14<>"",ROW()-4,"") | H14: =IF($B14<>"","Aina Triyana Anggraini","")
A15: =IF($B15<>"",ROW()-4,"") | H15: =IF($B15<>"","Aina Triyana Anggraini","")
A16: =IF($B16<>"",ROW()-4,"") | H16: =IF($B16<>"","Aina Triyana Anggraini","") | J16: Rabu
A17: =IF($B17<>"",ROW()-4,"") | H17: =IF($B17<>"","Aina Triyana Anggraini","")
A18: =IF($B18<>"",ROW()-4,"") | H18: =IF($B18<>"","Aina Triyana Anggraini","")
A19: =IF($B19<>"",ROW()-4,"") | H19: =IF($B19<>"","Aina Triyana Anggraini","")
A20: =IF($B20<>"",ROW()-4,"") | H20: =IF($B20<>"","Aina Triyana Anggraini","")
A21: =IF($B21<>"",ROW()-4,"") | H21: =IF($B21<>"","Aina Triyana Anggraini","") | J21: Kamis
A22: =IF($B22<>"",ROW()-4,"") | H22: =IF($B22<>"","Aina Triyana Anggraini","")
A23: =IF($B23<>"",ROW()-4,"") | H23: =IF($B23<>"","Aina Triyana Anggraini","")
A24: =IF($B24<>"",ROW()-4,"") | H24: =IF($B24<>"","Aina Triyana Anggraini","")
A25: =IF($B25<>"",ROW()-4,"") | H25: =IF($B25<>"","Aina Triyana Anggraini","")
A26: =IF($B26<>"",ROW()-4,"") | H26: =IF($B26<>"","Aina Triyana Anggraini","") | J26: Jumat
A27: =IF($B27<>"",ROW()-4,"") | H27: =IF($B27<>"","Aina Triyana Anggraini","")
A28: =IF($B28<>"",ROW()-4,"") | H28: =IF($B28<>"","Aina Triyana Anggraini","")
A29: =IF($B29<>"",ROW()-4,"") | H29: =IF($B29<>"","Aina Triyana Anggraini","")
A30: =IF($B30<>"",ROW()-4,"") | H30: =IF($B30<>"","Aina Triyana Anggraini","")
A31: =IF($B31<>"",ROW()-4,"") | H31: =IF($B31<>"","Aina Triyana Anggraini","") | J31: Sabtu
A32: =IF($B32<>"",ROW()-4,"") | H32: =IF($B32<>"","Aina Triyana Anggraini","")
A33: =IF($B33<>"",ROW()-4,"") | H33: =IF($B33<>"","Aina Triyana Anggraini","")
A34: =IF($B34<>"",ROW()-4,"") | H34: =IF($B34<>"","Aina Triyana Anggraini","")
A35: =IF($B35<>"",ROW()-4,"") | H35: =IF($B35<>"","Aina Triyana Anggraini","")
A36: =IF($B36<>"",ROW()-4,"") | H36: =IF($B36<>"","Aina Triyana Anggraini","")
A37: =IF($B37<>"",ROW()-4,"") | H37: =IF($B37<>"","Aina Triyana Anggraini","")
A38: =IF($B38<>"",ROW()-4,"") | H38: =IF($B38<>"","Aina Triyana Anggraini","")
A39: =IF($B39<>"",ROW()-4,"") | H39: =IF($B39<>"","Aina Triyana Anggraini","")
A40: =IF($B40<>"",ROW()-4,"") | H40: =IF($B40<>"","Aina Triyana Anggraini","")
A41: =IF($B41<>"",ROW()-4,"") | H41: =IF($B41<>"","Aina Triyana Anggraini","") | J41: Minggu
A42: =IF($B42<>"",ROW()-4,"") | H42: =IF($B42<>"","Aina Triyana Anggraini","")
A43: =IF($B43<>"",ROW()-4,"") | H43: =IF($B43<>"","Aina Triyana Anggraini","")
A44: =IF($B44<>"",ROW()-4,"") | H44: =IF($B44<>"","Aina Triyana Anggraini","")
A45: =IF($B45<>"",ROW()-4,"") | H45: =IF($B45<>"","Aina Triyana Anggraini","")
A46: =IF($B46<>"",ROW()-4,"") | H46: =IF($B46<>"","Aina Triyana Anggraini","")
A47: =IF($B47<>"",ROW()-4,"") | H47: =IF($B47<>"","Aina Triyana Anggraini","")
A48: =IF($B48<>"",ROW()-4,"") | H48: =IF($B48<>"","Aina Triyana Anggraini","")
A49: =IF($B49<>"",ROW()-4,"") | H49: =IF($B49<>"","Aina Triyana Anggraini","")
A50: =IF($B50<>"",ROW()-4,"") | H50: =IF($B50<>"","Aina Triyana Anggraini","")
A51: =IF($B51<>"",ROW()-4,"") | H51: =IF($B51<>"","Aina Triyana Anggraini","")
A52: =IF($B52<>"",ROW()-4,"") | H52: =IF($B52<>"","Aina Triyana Anggraini","")
A53: =IF($B53<>"",ROW()-4,"") | H53: =IF($B53<>"","Aina Triyana Anggraini","")
A54: =IF($B54<>"",ROW()-4,"") | H54: =IF($B54<>"","Aina Triyana Anggraini","")

Sheet Aldi Suryadinata
A1: TWENTY SWIM - LEVEL SISWA & JADWAL LATIHAN (BANDUNG)
A2: Pelatih: Aldi Suryadinata | D2: Terisi: | E2: =COUNTA($B$5:$B$54) | F2: siswa
A3: Isi kolom putih. Kolom berwarna = dropdown, tinggal pilih. No & Coach terisi otomatis.
A4: No | B4: Nama Siswa | C4: Program/Kelas | D4: Level Saat Ini | E4: Status | F4: Risiko | G4: Sosialisasi Keselamatan ke Ortu | H4: Coach | J4: JADWAL LATIHAN (Senin-Jumat 5 baris, Sabtu-Minggu 10 baris)
A5: =IF($B5<>"",ROW()-4,"") | B5: Elvano | D5: Aquatike I | E5: PA | H5: =IF($B5<>"","Aldi Suryadinata","") | J5: Hari | K5: Jam | L5: Nama Siswa | M5: Lokasi (wilayah) | N5: Kolam
A6: =IF($B6<>"",ROW()-4,"") | B6: Rajendra | D6: Aquatike II | E6: Standalone | H6: =IF($B6<>"","Aldi Suryadinata","") | J6: Senin
A7: =IF($B7<>"",ROW()-4,"") | B7: Fathan | D7: Beginner II | E7: Standalone | H7: =IF($B7<>"","Aldi Suryadinata","")
A8: =IF($B8<>"",ROW()-4,"") | B8: Khalid | D8: Aquatike II | E8: Standalone | H8: =IF($B8<>"","Aldi Suryadinata","")
A9: =IF($B9<>"",ROW()-4,"") | B9: Khafi | D9: Aquatike II | E9: Standalone | H9: =IF($B9<>"","Aldi Suryadinata","")
A10: =IF($B10<>"",ROW()-4,"") | B10: Arshad | D10: Beginner I | H10: =IF($B10<>"","Aldi Suryadinata","")
A11: =IF($B11<>"",ROW()-4,"") | H11: =IF($B11<>"","Aldi Suryadinata","") | J11: Selasa
A12: =IF($B12<>"",ROW()-4,"") | H12: =IF($B12<>"","Aldi Suryadinata","")
A13: =IF($B13<>"",ROW()-4,"") | H13: =IF($B13<>"","Aldi Suryadinata","")
A14: =IF($B14<>"",ROW()-4,"") | H14: =IF($B14<>"","Aldi Suryadinata","")
A15: =IF($B15<>"",ROW()-4,"") | H15: =IF($B15<>"","Aldi Suryadinata","")
A16: =IF($B16<>"",ROW()-4,"") | H16: =IF($B16<>"","Aldi Suryadinata","") | J16: Rabu
A17: =IF($B17<>"",ROW()-4,"") | H17: =IF($B17<>"","Aldi Suryadinata","")
A18: =IF($B18<>"",ROW()-4,"") | H18: =IF($B18<>"","Aldi Suryadinata","")
A19: =IF($B19<>"",ROW()-4,"") | H19: =IF($B19<>"","Aldi Suryadinata","")
A20: =IF($B20<>"",ROW()-4,"") | H20: =IF($B20<>"","Aldi Suryadinata","")
A21: =IF($B21<>"",ROW()-4,"") | H21: =IF($B21<>"","Aldi Suryadinata","") | J21: Kamis
A22: =IF($B22<>"",ROW()-4,"") | H22: =IF($B22<>"","Aldi Suryadinata","")
A23: =IF($B23<>"",ROW()-4,"") | H23: =IF($B23<>"","Aldi Suryadinata","")
A24: =IF($B24<>"",ROW()-4,"") | H24: =IF($B24<>"","Aldi Suryadinata","")
A25: =IF($B25<>"",ROW()-4,"") | H25: =IF($B25<>"","Aldi Suryadinata","")
A26: =IF($B26<>"",ROW()-4,"") | H26: =IF($B26<>"","Aldi Suryadinata","") | J26: Jumat
A27: =IF($B27<>"",ROW()-4,"") | H27: =IF($B27<>"","Aldi Suryadinata","")
A28: =IF($B28<>"",ROW()-4,"") | H28: =IF($B28<>"","Aldi Suryadinata","")
A29: =IF($B29<>"",ROW()-4,"") | H29: =IF($B29<>"","Aldi Suryadinata","")
A30: =IF($B30<>"",ROW()-4,"") | H30: =IF($B30<>"","Aldi Suryadinata","")
A31: =IF($B31<>"",ROW()-4,"") | H31: =IF($B31<>"","Aldi Suryadinata","") | J31: Sabtu
A32: =IF($B32<>"",ROW()-4,"") | H32: =IF($B32<>"","Aldi Suryadinata","")
A33: =IF($B33<>"",ROW()-4,"") | H33: =IF($B33<>"","Aldi Suryadinata","")
A34: =IF($B34<>"",ROW()-4,"") | H34: =IF($B34<>"","Aldi Suryadinata","")
A35: =IF($B35<>"",ROW()-4,"") | H35: =IF($B35<>"","Aldi Suryadinata","")
A36: =IF($B36<>"",ROW()-4,"") | H36: =IF($B36<>"","Aldi Suryadinata","")
A37: =IF($B37<>"",ROW()-4,"") | H37: =IF($B37<>"","Aldi Suryadinata","")
A38: =IF($B38<>"",ROW()-4,"") | H38: =IF($B38<>"","Aldi Suryadinata","")
A39: =IF($B39<>"",ROW()-4,"") | H39: =IF($B39<>"","Aldi Suryadinata","")
A40: =IF($B40<>"",ROW()-4,"") | H40: =IF($B40<>"","Aldi Suryadinata","")
A41: =IF($B41<>"",ROW()-4,"") | H41: =IF($B41<>"","Aldi Suryadinata","") | J41: Minggu
A42: =IF($B42<>"",ROW()-4,"") | H42: =IF($B42<>"","Aldi Suryadinata","")
A43: =IF($B43<>"",ROW()-4,"") | H43: =IF($B43<>"","Aldi Suryadinata","")
A44: =IF($B44<>"",ROW()-4,"") | H44: =IF($B44<>"","Aldi Suryadinata","")
A45: =IF($B45<>"",ROW()-4,"") | H45: =IF($B45<>"","Aldi Suryadinata","")
A46: =IF($B46<>"",ROW()-4,"") | H46: =IF($B46<>"","Aldi Suryadinata","")
A47: =IF($B47<>"",ROW()-4,"") | H47: =IF($B47<>"","Aldi Suryadinata","")
A48: =IF($B48<>"",ROW()-4,"") | H48: =IF($B48<>"","Aldi Suryadinata","")
A49: =IF($B49<>"",ROW()-4,"") | H49: =IF($B49<>"","Aldi Suryadinata","")
A50: =IF($B50<>"",ROW()-4,"") | H50: =IF($B50<>"","Aldi Suryadinata","")
A51: =IF($B51<>"",ROW()-4,"") | H51: =IF($B51<>"","Aldi Suryadinata","")
A52: =IF($B52<>"",ROW()-4,"") | H52: =IF($B52<>"","Aldi Suryadinata","")
A53: =IF($B53<>"",ROW()-4,"") | H53: =IF($B53<>"","Aldi Suryadinata","")
A54: =IF($B54<>"",ROW()-4,"") | H54: =IF($B54<>"","Aldi Suryadinata","")

Sheet Asyahlan Hielmy
A1: TWENTY SWIM - LEVEL SISWA & JADWAL LATIHAN (BANDUNG)
A2: Pelatih: Asyahlan Hielmy | D2: Terisi: | E2: =COUNTA($B$5:$B$54) | F2: siswa
A3: Isi kolom putih. Kolom berwarna = dropdown, tinggal pilih. No & Coach terisi otomatis.
A4: No | B4: Nama Siswa | C4: Program/Kelas | D4: Level Saat Ini | E4: Status | F4: Risiko | G4: Sosialisasi Keselamatan ke Ortu | H4: Coach | J4: JADWAL LATIHAN (Senin-Jumat 5 baris, Sabtu-Minggu 10 baris)
A5: =IF($B5<>"",ROW()-4,"") | B5: Muhammad Zaki Faturrahman (Private) | C5: Private Class | D5: Intermediate I | E5: Standalone | H5: =IF($B5<>"","Asyahlan Hielmy","") | J5: Hari | K5: Jam | L5: Nama Siswa | M5: Lokasi (wilayah) | N5: Kolam
A6: =IF($B6<>"",ROW()-4,"") | B6: Ibrahim (Private) | C6: Private Class | D6: Intermediate I | E6: Standalone | H6: =IF($B6<>"","Asyahlan Hielmy","") | J6: Senin
A7: =IF($B7<>"",ROW()-4,"") | B7: Kirana (Grup) | C7: Group Class | D7: Preschool II | E7: Standalone | H7: =IF($B7<>"","Asyahlan Hielmy","")
A8: =IF($B8<>"",ROW()-4,"") | B8: Qinara (Grup) | C8: Group Class | D8: Preschool II | E8: Standalone | H8: =IF($B8<>"","Asyahlan Hielmy","")
A9: =IF($B9<>"",ROW()-4,"") | B9: Neima (Grup) | C9: Group Class | D9: Beginner II | E9: Standalone | H9: =IF($B9<>"","Asyahlan Hielmy","")
A10: =IF($B10<>"",ROW()-4,"") | B10: Abrizam (Private) | C10: Private Class | D10: Beginner I | E10: Standalone | H10: =IF($B10<>"","Asyahlan Hielmy","")
A11: =IF($B11<>"",ROW()-4,"") | B11: Raffasya (Private) | C11: Private Class | D11: Beginner I | E11: Standalone | H11: =IF($B11<>"","Asyahlan Hielmy","") | J11: Selasa
A12: =IF($B12<>"",ROW()-4,"") | B12: Rasyid (Private) | C12: Private Class | D12: Beginner I | E12: Standalone | H12: =IF($B12<>"","Asyahlan Hielmy","")
A13: =IF($B13<>"",ROW()-4,"") | B13: Irzany Kautsar Hanan Ubaidillah (Private) | C13: Private Class | D13: Beginner I | E13: PA | H13: =IF($B13<>"","Asyahlan Hielmy","")
A14: =IF($B14<>"",ROW()-4,"") | B14: Izdihar Uwais Ubaidillah | D14: Aquatike I | E14: PA | H14: =IF($B14<>"","Asyahlan Hielmy","")
A15: =IF($B15<>"",ROW()-4,"") | B15: Janitra (Private) | C15: Private Class | D15: Aquatike I | E15: Standalone | H15: =IF($B15<>"","Asyahlan Hielmy","")
A16: =IF($B16<>"",ROW()-4,"") | B16: Abbasy (Private) | C16: Private Class | D16: Aquatike I | E16: PA | H16: =IF($B16<>"","Asyahlan Hielmy","") | J16: Rabu
A17: =IF($B17<>"",ROW()-4,"") | B17: Ghava (Private Summarecon) | C17: Private Class | D17: Aquatike I | E17: PA | H17: =IF($B17<>"","Asyahlan Hielmy","")
A18: =IF($B18<>"",ROW()-4,"") | B18: Keihan (Private Summarecon) | C18: Private Class | D18: Preschool I | E18: Standalone | H18: =IF($B18<>"","Asyahlan Hielmy","")
A19: =IF($B19<>"",ROW()-4,"") | B19: Fahri (Private) | C19: Private Class | D19: Beginner I | H19: =IF($B19<>"","Asyahlan Hielmy","")
A20: =IF($B20<>"",ROW()-4,"") | B20: Kennan(Couple Summarecon) | C20: Couple Class | D20: Intermediate I | E20: Standalone | H20: =IF($B20<>"","Asyahlan Hielmy","")
A21: =IF($B21<>"",ROW()-4,"") | B21: Kayvan (Couple Summarecon) | C21: Couple Class | D21: Intermediate I | E21: Standalone | H21: =IF($B21<>"","Asyahlan Hielmy","") | J21: Kamis
A22: =IF($B22<>"",ROW()-4,"") | B22: Liam (Private | C22: Private Class | D22: Beginner I | E22: Standalone | H22: =IF($B22<>"","Asyahlan Hielmy","")
A23: =IF($B23<>"",ROW()-4,"") | B23: Ken (Private) | C23: Private Class | D23: Beginner I | E23: PA | H23: =IF($B23<>"","Asyahlan Hielmy","")
A24: =IF($B24<>"",ROW()-4,"") | B24: Asha (Group) | C24: Group Class | D24: Beginner I | E24: PA | H24: =IF($B24<>"","Asyahlan Hielmy","")
A25: =IF($B25<>"",ROW()-4,"") | B25: Alya (Group) | C25: Group Class | D25: Beginner I | E25: Standalone | H25: =IF($B25<>"","Asyahlan Hielmy","")
A26: =IF($B26<>"",ROW()-4,"") | B26: Raiq (Group ) | C26: Group Class | D26: Beginner I | E26: Standalone | H26: =IF($B26<>"","Asyahlan Hielmy","") | J26: Jumat
A27: =IF($B27<>"",ROW()-4,"") | B27: Gendis (Group) | C27: Group Class | D27: Beginner I | E27: Standalone | H27: =IF($B27<>"","Asyahlan Hielmy","")
A28: =IF($B28<>"",ROW()-4,"") | B28: Zaid (Swim Therapy) | C28: Hydrotherapy Class | H28: =IF($B28<>"","Asyahlan Hielmy","")
A29: =IF($B29<>"",ROW()-4,"") | B29: Rafanza (Private) | C29: Private Class | D29: Aquatike I | E29: PA | H29: =IF($B29<>"","Asyahlan Hielmy","")
A30: =IF($B30<>"",ROW()-4,"") | B30: Balista | D30: Beginner I | E30: PA | H30: =IF($B30<>"","Asyahlan Hielmy","")
A31: =IF($B31<>"",ROW()-4,"") | B31: Alfath (couple Summarecon) | C31: Couple Class | D31: Beginner I | E31: Standalone | H31: =IF($B31<>"","Asyahlan Hielmy","") | J31: Sabtu
A32: =IF($B32<>"",ROW()-4,"") | B32: Hafidz (couple Summarecon ) | C32: Couple Class | H32: =IF($B32<>"","Asyahlan Hielmy","")
A33: =IF($B33<>"",ROW()-4,"") | B33: Banafasha | H33: =IF($B33<>"","Asyahlan Hielmy","")
A34: =IF($B34<>"",ROW()-4,"") | B34: Zevanya | H34: =IF($B34<>"","Asyahlan Hielmy","")
A35: =IF($B35<>"",ROW()-4,"") | B35: Arkyssa | H35: =IF($B35<>"","Asyahlan Hielmy","")
A36: =IF($B36<>"",ROW()-4,"") | B36: kendaru | H36: =IF($B36<>"","Asyahlan Hielmy","")
A37: =IF($B37<>"",ROW()-4,"") | H37: =IF($B37<>"","Asyahlan Hielmy","")
A38: =IF($B38<>"",ROW()-4,"") | H38: =IF($B38<>"","Asyahlan Hielmy","")
A39: =IF($B39<>"",ROW()-4,"") | H39: =IF($B39<>"","Asyahlan Hielmy","")
A40: =IF($B40<>"",ROW()-4,"") | H40: =IF($B40<>"","Asyahlan Hielmy","")
A41: =IF($B41<>"",ROW()-4,"") | H41: =IF($B41<>"","Asyahlan Hielmy","") | J41: Minggu
A42: =IF($B42<>"",ROW()-4,"") | H42: =IF($B42<>"","Asyahlan Hielmy","")
A43: =IF($B43<>"",ROW()-4,"") | H43: =IF($B43<>"","Asyahlan Hielmy","")
A44: =IF($B44<>"",ROW()-4,"") | H44: =IF($B44<>"","Asyahlan Hielmy","")
A45: =IF($B45<>"",ROW()-4,"") | H45: =IF($B45<>"","Asyahlan Hielmy","")
A46: =IF($B46<>"",ROW()-4,"") | H46: =IF($B46<>"","Asyahlan Hielmy","")
A47: =IF($B47<>"",ROW()-4,"") | H47: =IF($B47<>"","Asyahlan Hielmy","")
A48: =IF($B48<>"",ROW()-4,"") | H48: =IF($B48<>"","Asyahlan Hielmy","")
A49: =IF($B49<>"",ROW()-4,"") | H49: =IF($B49<>"","Asyahlan Hielmy","")
A50: =IF($B50<>"",ROW()-4,"") | H50: =IF($B50<>"","Asyahlan Hielmy","")
A51: =IF($B51<>"",ROW()-4,"") | H51: =IF($B51<>"","Asyahlan Hielmy","")
A52: =IF($B52<>"",ROW()-4,"") | H52: =IF($B52<>"","Asyahlan Hielmy","")
A53: =IF($B53<>"",ROW()-4,"") | H53: =IF($B53<>"","Asyahlan Hielmy","")
A54: =IF($B54<>"",ROW()-4,"") | H54: =IF($B54<>"","Asyahlan Hielmy","")

Sheet Asyira Nur Haida
A1: TWENTY SWIM - LEVEL SISWA & JADWAL LATIHAN (BANDUNG)
A2: Pelatih: Asyira Nur Haida | D2: Terisi: | E2: =COUNTA($B$5:$B$54) | F2: siswa
A3: Isi kolom putih. Kolom berwarna = dropdown, tinggal pilih. No & Coach terisi otomatis.
A4: No | B4: Nama Siswa | C4: Program/Kelas | D4: Level Saat Ini | E4: Status | F4: Risiko | G4: Sosialisasi Keselamatan ke Ortu | H4: Coach | J4: JADWAL LATIHAN (Senin-Jumat 5 baris, Sabtu-Minggu 10 baris)
A5: =IF($B5<>"",ROW()-4,"") | B5: Risti Dawara Ayudhia | D5: Beginner II | E5: Standalone | H5: =IF($B5<>"","Asyira Nur Haida","") | J5: Hari | K5: Jam | L5: Nama Siswa | M5: Lokasi (wilayah) | N5: Kolam
A6: =IF($B6<>"",ROW()-4,"") | B6: Putri Alit Dawara | D6: Beginner II | E6: Standalone | H6: =IF($B6<>"","Asyira Nur Haida","") | J6: Senin
A7: =IF($B7<>"",ROW()-4,"") | B7: Mutiara Adinda Dawara | D7: Beginner I | E7: Standalone | H7: =IF($B7<>"","Asyira Nur Haida","")
A8: =IF($B8<>"",ROW()-4,"") | B8: Callista Nayanika Sudarsono | D8: Preschool II | E8: PA | H8: =IF($B8<>"","Asyira Nur Haida","")
A9: =IF($B9<>"",ROW()-4,"") | B9: Prisia Gendis Nugroho | D9: Beginner I | E9: PA | H9: =IF($B9<>"","Asyira Nur Haida","")
A10: =IF($B10<>"",ROW()-4,"") | B10: Shafiya Frea Almaira | D10: Aquatike I | E10: PA | H10: =IF($B10<>"","Asyira Nur Haida","")
A11: =IF($B11<>"",ROW()-4,"") | B11: Aziela Azzahra | D11: Beginner II | E11: Standalone | H11: =IF($B11<>"","Asyira Nur Haida","") | J11: Selasa
A12: =IF($B12<>"",ROW()-4,"") | B12: Giovanni Anggara Gunawan | D12: Preschool I | E12: PA | H12: =IF($B12<>"","Asyira Nur Haida","")
A13: =IF($B13<>"",ROW()-4,"") | H13: =IF($B13<>"","Asyira Nur Haida","")
A14: =IF($B14<>"",ROW()-4,"") | H14: =IF($B14<>"","Asyira Nur Haida","")
A15: =IF($B15<>"",ROW()-4,"") | H15: =IF($B15<>"","Asyira Nur Haida","")
A16: =IF($B16<>"",ROW()-4,"") | H16: =IF($B16<>"","Asyira Nur Haida","") | J16: Rabu
A17: =IF($B17<>"",ROW()-4,"") | H17: =IF($B17<>"","Asyira Nur Haida","")
A18: =IF($B18<>"",ROW()-4,"") | H18: =IF($B18<>"","Asyira Nur Haida","")
A19: =IF($B19<>"",ROW()-4,"") | H19: =IF($B19<>"","Asyira Nur Haida","")
A20: =IF($B20<>"",ROW()-4,"") | H20: =IF($B20<>"","Asyira Nur Haida","")
A21: =IF($B21<>"",ROW()-4,"") | H21: =IF($B21<>"","Asyira Nur Haida","") | J21: Kamis
A22: =IF($B22<>"",ROW()-4,"") | H22: =IF($B22<>"","Asyira Nur Haida","")
A23: =IF($B23<>"",ROW()-4,"") | H23: =IF($B23<>"","Asyira Nur Haida","")
A24: =IF($B24<>"",ROW()-4,"") | H24: =IF($B24<>"","Asyira Nur Haida","")
A25: =IF($B25<>"",ROW()-4,"") | H25: =IF($B25<>"","Asyira Nur Haida","")
A26: =IF($B26<>"",ROW()-4,"") | H26: =IF($B26<>"","Asyira Nur Haida","") | J26: Jumat
A27: =IF($B27<>"",ROW()-4,"") | H27: =IF($B27<>"","Asyira Nur Haida","")
A28: =IF($B28<>"",ROW()-4,"") | H28: =IF($B28<>"","Asyira Nur Haida","")
A29: =IF($B29<>"",ROW()-4,"") | H29: =IF($B29<>"","Asyira Nur Haida","")
A30: =IF($B30<>"",ROW()-4,"") | H30: =IF($B30<>"","Asyira Nur Haida","")
A31: =IF($B31<>"",ROW()-4,"") | H31: =IF($B31<>"","Asyira Nur Haida","") | J31: Sabtu
A32: =IF($B32<>"",ROW()-4,"") | H32: =IF($B32<>"","Asyira Nur Haida","")
A33: =IF($B33<>"",ROW()-4,"") | H33: =IF($B33<>"","Asyira Nur Haida","")
A34: =IF($B34<>"",ROW()-4,"") | H34: =IF($B34<>"","Asyira Nur Haida","")
A35: =IF($B35<>"",ROW()-4,"") | H35: =IF($B35<>"","Asyira Nur Haida","")
A36: =IF($B36<>"",ROW()-4,"") | H36: =IF($B36<>"","Asyira Nur Haida","")
A37: =IF($B37<>"",ROW()-4,"") | H37: =IF($B37<>"","Asyira Nur Haida","")
A38: =IF($B38<>"",ROW()-4,"") | H38: =IF($B38<>"","Asyira Nur Haida","")
A39: =IF($B39<>"",ROW()-4,"") | H39: =IF($B39<>"","Asyira Nur Haida","")
A40: =IF($B40<>"",ROW()-4,"") | H40: =IF($B40<>"","Asyira Nur Haida","")
A41: =IF($B41<>"",ROW()-4,"") | H41: =IF($B41<>"","Asyira Nur Haida","") | J41: Minggu
A42: =IF($B42<>"",ROW()-4,"") | H42: =IF($B42<>"","Asyira Nur Haida","")
A43: =IF($B43<>"",ROW()-4,"") | H43: =IF($B43<>"","Asyira Nur Haida","")
A44: =IF($B44<>"",ROW()-4,"") | H44: =IF($B44<>"","Asyira Nur Haida","")
A45: =IF($B45<>"",ROW()-4,"") | H45: =IF($B45<>"","Asyira Nur Haida","")
A46: =IF($B46<>"",ROW()-4,"") | H46: =IF($B46<>"","Asyira Nur Haida","")
A47: =IF($B47<>"",ROW()-4,"") | H47: =IF($B47<>"","Asyira Nur Haida","")
A48: =IF($B48<>"",ROW()-4,"") | H48: =IF($B48<>"","Asyira Nur Haida","")
A49: =IF($B49<>"",ROW()-4,"") | H49: =IF($B49<>"","Asyira Nur Haida","")
A50: =IF($B50<>"",ROW()-4,"") | H50: =IF($B50<>"","Asyira Nur Haida","")
A51: =IF($B51<>"",ROW()-4,"") | H51: =IF($B51<>"","Asyira Nur Haida","")
A52: =IF($B52<>"",ROW()-4,"") | H52: =IF($B52<>"","Asyira Nur Haida","")
A53: =IF($B53<>"",ROW()-4,"") | H53: =IF($B53<>"","Asyira Nur Haida","")
A54: =IF($B54<>"",ROW()-4,"") | H54: =IF($B54<>"","Asyira Nur Haida","")

Sheet Bayu Rizki Alfarizi
A1: TWENTY SWIM - LEVEL SISWA & JADWAL LATIHAN (BANDUNG)
A2: Pelatih: Bayu Rizki Alfarizi | D2: Terisi: | E2: =COUNTA($B$5:$B$54) | F2: siswa
A3: Isi kolom putih. Kolom berwarna = dropdown, tinggal pilih. No & Coach terisi otomatis.
A4: No | B4: Nama Siswa | C4: Program/Kelas | D4: Level Saat Ini | E4: Status | F4: Risiko | G4: Sosialisasi Keselamatan ke Ortu | H4: Coach | J4: JADWAL LATIHAN (Senin-Jumat 5 baris, Sabtu-Minggu 10 baris)
A5: =IF($B5<>"",ROW()-4,"") | B5: Akifa Medina Ahmad | D5: Intermediate II | E5: Standalone | H5: =IF($B5<>"","Bayu Rizki Alfarizi","") | J5: Hari | K5: Jam | L5: Nama Siswa | M5: Lokasi (wilayah) | N5: Kolam
A6: =IF($B6<>"",ROW()-4,"") | H6: =IF($B6<>"","Bayu Rizki Alfarizi","") | J6: Senin
A7: =IF($B7<>"",ROW()-4,"") | H7: =IF($B7<>"","Bayu Rizki Alfarizi","")
A8: =IF($B8<>"",ROW()-4,"") | H8: =IF($B8<>"","Bayu Rizki Alfarizi","")
A9: =IF($B9<>"",ROW()-4,"") | H9: =IF($B9<>"","Bayu Rizki Alfarizi","")
A10: =IF($B10<>"",ROW()-4,"") | H10: =IF($B10<>"","Bayu Rizki Alfarizi","")
A11: =IF($B11<>"",ROW()-4,"") | H11: =IF($B11<>"","Bayu Rizki Alfarizi","") | J11: Selasa
A12: =IF($B12<>"",ROW()-4,"") | H12: =IF($B12<>"","Bayu Rizki Alfarizi","")
A13: =IF($B13<>"",ROW()-4,"") | H13: =IF($B13<>"","Bayu Rizki Alfarizi","")
A14: =IF($B14<>"",ROW()-4,"") | H14: =IF($B14<>"","Bayu Rizki Alfarizi","")
A15: =IF($B15<>"",ROW()-4,"") | H15: =IF($B15<>"","Bayu Rizki Alfarizi","")
A16: =IF($B16<>"",ROW()-4,"") | H16: =IF($B16<>"","Bayu Rizki Alfarizi","") | J16: Rabu
A17: =IF($B17<>"",ROW()-4,"") | H17: =IF($B17<>"","Bayu Rizki Alfarizi","")
A18: =IF($B18<>"",ROW()-4,"") | H18: =IF($B18<>"","Bayu Rizki Alfarizi","")
A19: =IF($B19<>"",ROW()-4,"") | H19: =IF($B19<>"","Bayu Rizki Alfarizi","")
A20: =IF($B20<>"",ROW()-4,"") | H20: =IF($B20<>"","Bayu Rizki Alfarizi","")
A21: =IF($B21<>"",ROW()-4,"") | H21: =IF($B21<>"","Bayu Rizki Alfarizi","") | J21: Kamis
A22: =IF($B22<>"",ROW()-4,"") | H22: =IF($B22<>"","Bayu Rizki Alfarizi","")
A23: =IF($B23<>"",ROW()-4,"") | H23: =IF($B23<>"","Bayu Rizki Alfarizi","")
A24: =IF($B24<>"",ROW()-4,"") | H24: =IF($B24<>"","Bayu Rizki Alfarizi","")
A25: =IF($B25<>"",ROW()-4,"") | H25: =IF($B25<>"","Bayu Rizki Alfarizi","")
A26: =IF($B26<>"",ROW()-4,"") | H26: =IF($B26<>"","Bayu Rizki Alfarizi","") | J26: Jumat
A27: =IF($B27<>"",ROW()-4,"") | H27: =IF($B27<>"","Bayu Rizki Alfarizi","")
A28: =IF($B28<>"",ROW()-4,"") | H28: =IF($B28<>"","Bayu Rizki Alfarizi","")
A29: =IF($B29<>"",ROW()-4,"") | H29: =IF($B29<>"","Bayu Rizki Alfarizi","")
A30: =IF($B30<>"",ROW()-4,"") | H30: =IF($B30<>"","Bayu Rizki Alfarizi","")
A31: =IF($B31<>"",ROW()-4,"") | H31: =IF($B31<>"","Bayu Rizki Alfarizi","") | J31: Sabtu
A32: =IF($B32<>"",ROW()-4,"") | H32: =IF($B32<>"","Bayu Rizki Alfarizi","")
A33: =IF($B33<>"",ROW()-4,"") | H33: =IF($B33<>"","Bayu Rizki Alfarizi","")
A34: =IF($B34<>"",ROW()-4,"") | H34: =IF($B34<>"","Bayu Rizki Alfarizi","")
A35: =IF($B35<>"",ROW()-4,"") | H35: =IF($B35<>"","Bayu Rizki Alfarizi","")
A36: =IF($B36<>"",ROW()-4,"") | H36: =IF($B36<>"","Bayu Rizki Alfarizi","")
A37: =IF($B37<>"",ROW()-4,"") | H37: =IF($B37<>"","Bayu Rizki Alfarizi","")
A38: =IF($B38<>"",ROW()-4,"") | H38: =IF($B38<>"","Bayu Rizki Alfarizi","")
A39: =IF($B39<>"",ROW()-4,"") | H39: =IF($B39<>"","Bayu Rizki Alfarizi","")
A40: =IF($B40<>"",ROW()-4,"") | H40: =IF($B40<>"","Bayu Rizki Alfarizi","")
A41: =IF($B41<>"",ROW()-4,"") | H41: =IF($B41<>"","Bayu Rizki Alfarizi","") | J41: Minggu
A42: =IF($B42<>"",ROW()-4,"") | H42: =IF($B42<>"","Bayu Rizki Alfarizi","")
A43: =IF($B43<>"",ROW()-4,"") | H43: =IF($B43<>"","Bayu Rizki Alfarizi","")
A44: =IF($B44<>"",ROW()-4,"") | H44: =IF($B44<>"","Bayu Rizki Alfarizi","")
A45: =IF($B45<>"",ROW()-4,"") | H45: =IF($B45<>"","Bayu Rizki Alfarizi","")
A46: =IF($B46<>"",ROW()-4,"") | H46: =IF($B46<>"","Bayu Rizki Alfarizi","")
A47: =IF($B47<>"",ROW()-4,"") | H47: =IF($B47<>"","Bayu Rizki Alfarizi","")
A48: =IF($B48<>"",ROW()-4,"") | H48: =IF($B48<>"","Bayu Rizki Alfarizi","")
A49: =IF($B49<>"",ROW()-4,"") | H49: =IF($B49<>"","Bayu Rizki Alfarizi","")
A50: =IF($B50<>"",ROW()-4,"") | H50: =IF($B50<>"","Bayu Rizki Alfarizi","")
A51: =IF($B51<>"",ROW()-4,"") | H51: =IF($B51<>"","Bayu Rizki Alfarizi","")
A52: =IF($B52<>"",ROW()-4,"") | H52: =IF($B52<>"","Bayu Rizki Alfarizi","")
A53: =IF($B53<>"",ROW()-4,"") | H53: =IF($B53<>"","Bayu Rizki Alfarizi","")
A54: =IF($B54<>"",ROW()-4,"") | H54: =IF($B54<>"","Bayu Rizki Alfarizi","")

Sheet Chandanie Nely Agustin
A1: TWENTY SWIM - LEVEL SISWA & JADWAL LATIHAN (BANDUNG)
A2: Pelatih: Chandanie Nely Agustin | D2: Terisi: | E2: =COUNTA($B$5:$B$54) | F2: siswa
A3: Isi kolom putih. Kolom berwarna = dropdown, tinggal pilih. No & Coach terisi otomatis.
A4: No | B4: Nama Siswa | C4: Program/Kelas | D4: Level Saat Ini | E4: Status | F4: Risiko | G4: Sosialisasi Keselamatan ke Ortu | H4: Coach | J4: JADWAL LATIHAN (Senin-Jumat 5 baris, Sabtu-Minggu 10 baris)
A5: =IF($B5<>"",ROW()-4,"") | B5: Ralinka shayna alsavana lubis | D5: Preschool I | E5: Standalone | H5: =IF($B5<>"","Chandanie Nely Agustin","") | J5: Hari | K5: Jam | L5: Nama Siswa | M5: Lokasi (wilayah) | N5: Kolam
A6: =IF($B6<>"",ROW()-4,"") | B6: Arunika Hara Patanjala | D6: Aquatike III | E6: Standalone | H6: =IF($B6<>"","Chandanie Nely Agustin","") | J6: Senin
A7: =IF($B7<>"",ROW()-4,"") | B7: Kaif Rasyid Afkarian | D7: Beginner I | E7: Standalone | H7: =IF($B7<>"","Chandanie Nely Agustin","")
A8: =IF($B8<>"",ROW()-4,"") | B8: Hafidzah Kifah | D8: Intermediate I | E8: Standalone | H8: =IF($B8<>"","Chandanie Nely Agustin","")
A9: =IF($B9<>"",ROW()-4,"") | B9: Kalea | D9: Aquatike I | E9: Standalone | H9: =IF($B9<>"","Chandanie Nely Agustin","")
A10: =IF($B10<>"",ROW()-4,"") | B10: Nayyara Almahyra mecca | D10: Preschool I | E10: Standalone | H10: =IF($B10<>"","Chandanie Nely Agustin","")
A11: =IF($B11<>"",ROW()-4,"") | B11: Fabian | D11: Beginner I | E11: Standalone | H11: =IF($B11<>"","Chandanie Nely Agustin","") | J11: Selasa
A12: =IF($B12<>"",ROW()-4,"") | B12: Maryam dita adya | D12: Preschool I | E12: Standalone | H12: =IF($B12<>"","Chandanie Nely Agustin","")
A13: =IF($B13<>"",ROW()-4,"") | B13: Kaisya | D13: Beginner I | E13: Standalone | H13: =IF($B13<>"","Chandanie Nely Agustin","")
A14: =IF($B14<>"",ROW()-4,"") | B14: Diandra khairunisa | D14: Beginner I | E14: Standalone | H14: =IF($B14<>"","Chandanie Nely Agustin","")
A15: =IF($B15<>"",ROW()-4,"") | B15: Sebumi nan damai | D15: Preschool I | E15: Standalone | H15: =IF($B15<>"","Chandanie Nely Agustin","")
A16: =IF($B16<>"",ROW()-4,"") | B16: Egriveda Enzilma | D16: Preschool I | E16: Standalone | H16: =IF($B16<>"","Chandanie Nely Agustin","") | J16: Rabu
A17: =IF($B17<>"",ROW()-4,"") | B17: Saabira | D17: Preschool I | E17: Standalone | H17: =IF($B17<>"","Chandanie Nely Agustin","")
A18: =IF($B18<>"",ROW()-4,"") | B18: Azka | D18: Aquatike I | E18: PA | H18: =IF($B18<>"","Chandanie Nely Agustin","")
A19: =IF($B19<>"",ROW()-4,"") | B19: Gibraneda Naratas Jagat | D19: Aquatike I | E19: PA | H19: =IF($B19<>"","Chandanie Nely Agustin","")
A20: =IF($B20<>"",ROW()-4,"") | B20: Naira Azalia Maharani | D20: Preschool I | E20: Standalone | H20: =IF($B20<>"","Chandanie Nely Agustin","")
A21: =IF($B21<>"",ROW()-4,"") | B21: Alesha Putri Sekar Pandan | D21: Aquatike I | E21: Standalone | H21: =IF($B21<>"","Chandanie Nely Agustin","") | J21: Kamis
A22: =IF($B22<>"",ROW()-4,"") | B22: Athiyah Nurmaulida Alina | D22: Preschool I | E22: Standalone | H22: =IF($B22<>"","Chandanie Nely Agustin","")
A23: =IF($B23<>"",ROW()-4,"") | B23: Aira | D23: Preschool I | E23: Standalone | H23: =IF($B23<>"","Chandanie Nely Agustin","")
A24: =IF($B24<>"",ROW()-4,"") | B24: Shaima Adawizi Shanum | D24: Preschool I | E24: Standalone | H24: =IF($B24<>"","Chandanie Nely Agustin","")
A25: =IF($B25<>"",ROW()-4,"") | B25: Kendis Keinara Anrifa | D25: Intermediate I | E25: Standalone | H25: =IF($B25<>"","Chandanie Nely Agustin","")
A26: =IF($B26<>"",ROW()-4,"") | B26: Hayyin Sabrina Satriadama | D26: Preschool I | E26: Standalone | H26: =IF($B26<>"","Chandanie Nely Agustin","") | J26: Jumat
A27: =IF($B27<>"",ROW()-4,"") | B27: Lavanya | D27: Beginner I | E27: Standalone | H27: =IF($B27<>"","Chandanie Nely Agustin","")
A28: =IF($B28<>"",ROW()-4,"") | B28: Naomi | D28: Preschool I | E28: Standalone | H28: =IF($B28<>"","Chandanie Nely Agustin","")
A29: =IF($B29<>"",ROW()-4,"") | B29: nichirin | D29: Aquatike I | H29: =IF($B29<>"","Chandanie Nely Agustin","")
A30: =IF($B30<>"",ROW()-4,"") | B30: sabila | D30: Aquatike I | H30: =IF($B30<>"","Chandanie Nely Agustin","")
A31: =IF($B31<>"",ROW()-4,"") | B31: nara | D31: Aquatike I | H31: =IF($B31<>"","Chandanie Nely Agustin","") | J31: Sabtu
A32: =IF($B32<>"",ROW()-4,"") | H32: =IF($B32<>"","Chandanie Nely Agustin","")
A33: =IF($B33<>"",ROW()-4,"") | H33: =IF($B33<>"","Chandanie Nely Agustin","")
A34: =IF($B34<>"",ROW()-4,"") | H34: =IF($B34<>"","Chandanie Nely Agustin","")
A35: =IF($B35<>"",ROW()-4,"") | H35: =IF($B35<>"","Chandanie Nely Agustin","")
A36: =IF($B36<>"",ROW()-4,"") | H36: =IF($B36<>"","Chandanie Nely Agustin","")
A37: =IF($B37<>"",ROW()-4,"") | H37: =IF($B37<>"","Chandanie Nely Agustin","")
A38: =IF($B38<>"",ROW()-4,"") | H38: =IF($B38<>"","Chandanie Nely Agustin","")
A39: =IF($B39<>"",ROW()-4,"") | H39: =IF($B39<>"","Chandanie Nely Agustin","")
A40: =IF($B40<>"",ROW()-4,"") | H40: =IF($B40<>"","Chandanie Nely Agustin","")
A41: =IF($B41<>"",ROW()-4,"") | H41: =IF($B41<>"","Chandanie Nely Agustin","") | J41: Minggu
A42: =IF($B42<>"",ROW()-4,"") | H42: =IF($B42<>"","Chandanie Nely Agustin","")
A43: =IF($B43<>"",ROW()-4,"") | H43: =IF($B43<>"","Chandanie Nely Agustin","")
A44: =IF($B44<>"",ROW()-4,"") | H44: =IF($B44<>"","Chandanie Nely Agustin","")
A45: =IF($B45<>"",ROW()-4,"") | H45: =IF($B45<>"","Chandanie Nely Agustin","")
A46: =IF($B46<>"",ROW()-4,"") | H46: =IF($B46<>"","Chandanie Nely Agustin","")
A47: =IF($B47<>"",ROW()-4,"") | H47: =IF($B47<>"","Chandanie Nely Agustin","")
A48: =IF($B48<>"",ROW()-4,"") | H48: =IF($B48<>"","Chandanie Nely Agustin","")
A49: =IF($B49<>"",ROW()-4,"") | H49: =IF($B49<>"","Chandanie Nely Agustin","")
A50: =IF($B50<>"",ROW()-4,"") | H50: =IF($B50<>"","Chandanie Nely Agustin","")
A51: =IF($B51<>"",ROW()-4,"") | H51: =IF($B51<>"","Chandanie Nely Agustin","")
A52: =IF($B52<>"",ROW()-4,"") | H52: =IF($B52<>"","Chandanie Nely Agustin","")
A53: =IF($B53<>"",ROW()-4,"") | H53: =IF($B53<>"","Chandanie Nely Agustin","")
A54: =IF($B54<>"",ROW()-4,"") | H54: =IF($B54<>"","Chandanie Nely Agustin","")

Sheet Dida Zein Risty
A1: TWENTY SWIM - LEVEL SISWA & JADWAL LATIHAN (BANDUNG)
A2: Pelatih: Dida Zein Risty | D2: Terisi: | E2: =COUNTA($B$5:$B$54) | F2: siswa
A3: Isi kolom putih. Kolom berwarna = dropdown, tinggal pilih. No & Coach terisi otomatis.
A4: No | B4: Nama Siswa | C4: Program/Kelas | D4: Level Saat Ini | E4: Status | F4: Risiko | G4: Sosialisasi Keselamatan ke Ortu | H4: Coach | J4: JADWAL LATIHAN (Senin-Jumat 5 baris, Sabtu-Minggu 10 baris)
A5: =IF($B5<>"",ROW()-4,"") | B5: Syakira Khansa Iskandar | D5: Swim Team Prep | E5: Standalone | H5: =IF($B5<>"","Dida Zein Risty","") | J5: Hari | K5: Jam | L5: Nama Siswa | M5: Lokasi (wilayah) | N5: Kolam
A6: =IF($B6<>"",ROW()-4,"") | B6: Syakila Nesha Iskandar | D6: Swim Team Prep | E6: Standalone | H6: =IF($B6<>"","Dida Zein Risty","") | J6: Senin
A7: =IF($B7<>"",ROW()-4,"") | B7: Alma Yuki Zaina | D7: Beginner III | E7: PA | H7: =IF($B7<>"","Dida Zein Risty","")
A8: =IF($B8<>"",ROW()-4,"") | B8: Beyza Ruchika Kaureen | D8: Aquatike I | E8: PA | H8: =IF($B8<>"","Dida Zein Risty","")
A9: =IF($B9<>"",ROW()-4,"") | B9: Aurora Shabira Hidayatri | D9: Preschool I | E9: PA | H9: =IF($B9<>"","Dida Zein Risty","")
A10: =IF($B10<>"",ROW()-4,"") | B10: Aretha Zayyana Putri A | D10: Beginner I | E10: PA | H10: =IF($B10<>"","Dida Zein Risty","")
A11: =IF($B11<>"",ROW()-4,"") | B11: Kayyisa Kirana Yusuf | D11: Beginner I | E11: PA | H11: =IF($B11<>"","Dida Zein Risty","") | J11: Selasa
A12: =IF($B12<>"",ROW()-4,"") | B12: Fathin Ramadhaniah Azhari | D12: Beginner I | E12: PA | H12: =IF($B12<>"","Dida Zein Risty","")
A13: =IF($B13<>"",ROW()-4,"") | B13: Fadhlan Ahmad Ramadhan | D13: Swim Team Prep | E13: Standalone | H13: =IF($B13<>"","Dida Zein Risty","")
A14: =IF($B14<>"",ROW()-4,"") | B14: Dzakirul Abyan Al-Hazim | D14: Swim Team Prep | E14: Standalone | H14: =IF($B14<>"","Dida Zein Risty","")
A15: =IF($B15<>"",ROW()-4,"") | B15: Almatiara Syifaa Firmansyah | D15: Preschool I | E15: PA | H15: =IF($B15<>"","Dida Zein Risty","")
A16: =IF($B16<>"",ROW()-4,"") | B16: Dyra Arummy | D16: Beginner III | E16: PA | H16: =IF($B16<>"","Dida Zein Risty","") | J16: Rabu
A17: =IF($B17<>"",ROW()-4,"") | B17: Marsha Zebina Richsan | D17: Beginner III | E17: PA | H17: =IF($B17<>"","Dida Zein Risty","")
A18: =IF($B18<>"",ROW()-4,"") | B18: Nesya Maheswari | D18: Beginner I | E18: PA | H18: =IF($B18<>"","Dida Zein Risty","")
A19: =IF($B19<>"",ROW()-4,"") | B19: Aleena Sadeeqa Maheooba | D19: Beginner I | E19: PA | H19: =IF($B19<>"","Dida Zein Risty","")
A20: =IF($B20<>"",ROW()-4,"") | B20: Sharna saqeenarava ananta | D20: Beginner I | E20: PA | H20: =IF($B20<>"","Dida Zein Risty","")
A21: =IF($B21<>"",ROW()-4,"") | H21: =IF($B21<>"","Dida Zein Risty","") | J21: Kamis
A22: =IF($B22<>"",ROW()-4,"") | H22: =IF($B22<>"","Dida Zein Risty","")
A23: =IF($B23<>"",ROW()-4,"") | H23: =IF($B23<>"","Dida Zein Risty","")
A24: =IF($B24<>"",ROW()-4,"") | H24: =IF($B24<>"","Dida Zein Risty","")
A25: =IF($B25<>"",ROW()-4,"") | H25: =IF($B25<>"","Dida Zein Risty","")
A26: =IF($B26<>"",ROW()-4,"") | H26: =IF($B26<>"","Dida Zein Risty","") | J26: Jumat
A27: =IF($B27<>"",ROW()-4,"") | H27: =IF($B27<>"","Dida Zein Risty","")
A28: =IF($B28<>"",ROW()-4,"") | H28: =IF($B28<>"","Dida Zein Risty","")
A29: =IF($B29<>"",ROW()-4,"") | H29: =IF($B29<>"","Dida Zein Risty","")
A30: =IF($B30<>"",ROW()-4,"") | H30: =IF($B30<>"","Dida Zein Risty","")
A31: =IF($B31<>"",ROW()-4,"") | H31: =IF($B31<>"","Dida Zein Risty","") | J31: Sabtu
A32: =IF($B32<>"",ROW()-4,"") | H32: =IF($B32<>"","Dida Zein Risty","")
A33: =IF($B33<>"",ROW()-4,"") | H33: =IF($B33<>"","Dida Zein Risty","")
A34: =IF($B34<>"",ROW()-4,"") | H34: =IF($B34<>"","Dida Zein Risty","")
A35: =IF($B35<>"",ROW()-4,"") | H35: =IF($B35<>"","Dida Zein Risty","")
A36: =IF($B36<>"",ROW()-4,"") | H36: =IF($B36<>"","Dida Zein Risty","")
A37: =IF($B37<>"",ROW()-4,"") | H37: =IF($B37<>"","Dida Zein Risty","")
A38: =IF($B38<>"",ROW()-4,"") | H38: =IF($B38<>"","Dida Zein Risty","")
A39: =IF($B39<>"",ROW()-4,"") | H39: =IF($B39<>"","Dida Zein Risty","")
A40: =IF($B40<>"",ROW()-4,"") | H40: =IF($B40<>"","Dida Zein Risty","")
A41: =IF($B41<>"",ROW()-4,"") | H41: =IF($B41<>"","Dida Zein Risty","") | J41: Minggu
A42: =IF($B42<>"",ROW()-4,"") | H42: =IF($B42<>"","Dida Zein Risty","")
A43: =IF($B43<>"",ROW()-4,"") | H43: =IF($B43<>"","Dida Zein Risty","")
A44: =IF($B44<>"",ROW()-4,"") | H44: =IF($B44<>"","Dida Zein Risty","")
A45: =IF($B45<>"",ROW()-4,"") | H45: =IF($B45<>"","Dida Zein Risty","")
A46: =IF($B46<>"",ROW()-4,"") | H46: =IF($B46<>"","Dida Zein Risty","")
A47: =IF($B47<>"",ROW()-4,"") | H47: =IF($B47<>"","Dida Zein Risty","")
A48: =IF($B48<>"",ROW()-4,"") | H48: =IF($B48<>"","Dida Zein Risty","")
A49: =IF($B49<>"",ROW()-4,"") | H49: =IF($B49<>"","Dida Zein Risty","")
A50: =IF($B50<>"",ROW()-4,"") | H50: =IF($B50<>"","Dida Zein Risty","")
A51: =IF($B51<>"",ROW()-4,"") | H51: =IF($B51<>"","Dida Zein Risty","")
A52: =IF($B52<>"",ROW()-4,"") | H52: =IF($B52<>"","Dida Zein Risty","")
A53: =IF($B53<>"",ROW()-4,"") | H53: =IF($B53<>"","Dida Zein Risty","")
A54: =IF($B54<>"",ROW()-4,"") | H54: =IF($B54<>"","Dida Zein Risty","")

Sheet Fadil Rijatul Haq
A1: TWENTY SWIM - LEVEL SISWA & JADWAL LATIHAN (BANDUNG)
A2: Pelatih: Fadil Rijatul Haq | D2: Terisi: | E2: =COUNTA($B$5:$B$54) | F2: siswa
A3: Isi kolom putih. Kolom berwarna = dropdown, tinggal pilih. No & Coach terisi otomatis.
A4: No | B4: Nama Siswa | C4: Program/Kelas | D4: Level Saat Ini | E4: Status | F4: Risiko | G4: Sosialisasi Keselamatan ke Ortu | H4: Coach | J4: JADWAL LATIHAN (Senin-Jumat 5 baris, Sabtu-Minggu 10 baris)
A5: =IF($B5<>"",ROW()-4,"") | B5: Muhammad Baraja | D5: Aquatike I | E5: Standalone | H5: =IF($B5<>"","Fadil Rijatul Haq","") | J5: Hari | K5: Jam | L5: Nama Siswa | M5: Lokasi (wilayah) | N5: Kolam
A6: =IF($B6<>"",ROW()-4,"") | B6: Muammar Maliqi Hidayat | D6: Aquatike I | E6: Standalone | H6: =IF($B6<>"","Fadil Rijatul Haq","") | J6: Senin
A7: =IF($B7<>"",ROW()-4,"") | B7: Emirza Abyan Rusman | D7: Preschool I | E7: Standalone | H7: =IF($B7<>"","Fadil Rijatul Haq","")
A8: =IF($B8<>"",ROW()-4,"") | B8: Alfatih Sakti Marantika | D8: Beginner II | E8: Standalone | H8: =IF($B8<>"","Fadil Rijatul Haq","")
A9: =IF($B9<>"",ROW()-4,"") | B9: Yehezkiel Valentino Simarmata | D9: Preschool I | E9: Standalone | H9: =IF($B9<>"","Fadil Rijatul Haq","")
A10: =IF($B10<>"",ROW()-4,"") | B10: Muhamad Avatar Saputra | D10: Beginner I | E10: Standalone | H10: =IF($B10<>"","Fadil Rijatul Haq","")
A11: =IF($B11<>"",ROW()-4,"") | B11: Nevan Fabian Ar Rayan | D11: Beginner I | E11: Standalone | H11: =IF($B11<>"","Fadil Rijatul Haq","") | J11: Selasa
A12: =IF($B12<>"",ROW()-4,"") | B12: Sabam Sean Simarmata | D12: Beginner I | E12: Standalone | H12: =IF($B12<>"","Fadil Rijatul Haq","")
A13: =IF($B13<>"",ROW()-4,"") | B13: Josaphat Dewananda Surya | D13: Preschool I | E13: Standalone | H13: =IF($B13<>"","Fadil Rijatul Haq","")
A14: =IF($B14<>"",ROW()-4,"") | B14: Leonard Gavriel Marcello | D14: Preschool I | E14: Standalone | H14: =IF($B14<>"","Fadil Rijatul Haq","")
A15: =IF($B15<>"",ROW()-4,"") | B15: Adnan Sakhi Nugraha | D15: Preschool I | E15: Standalone | H15: =IF($B15<>"","Fadil Rijatul Haq","")
A16: =IF($B16<>"",ROW()-4,"") | B16: Nathanliam Gavriel Napitupulu | D16: Intermediate II | E16: Standalone | H16: =IF($B16<>"","Fadil Rijatul Haq","") | J16: Rabu
A17: =IF($B17<>"",ROW()-4,"") | B17: Athafariz Haikal Rafif | D17: Beginner I | E17: Standalone | H17: =IF($B17<>"","Fadil Rijatul Haq","")
A18: =IF($B18<>"",ROW()-4,"") | H18: =IF($B18<>"","Fadil Rijatul Haq","")
A19: =IF($B19<>"",ROW()-4,"") | H19: =IF($B19<>"","Fadil Rijatul Haq","")
A20: =IF($B20<>"",ROW()-4,"") | H20: =IF($B20<>"","Fadil Rijatul Haq","")
A21: =IF($B21<>"",ROW()-4,"") | H21: =IF($B21<>"","Fadil Rijatul Haq","") | J21: Kamis
A22: =IF($B22<>"",ROW()-4,"") | H22: =IF($B22<>"","Fadil Rijatul Haq","")
A23: =IF($B23<>"",ROW()-4,"") | H23: =IF($B23<>"","Fadil Rijatul Haq","")
A24: =IF($B24<>"",ROW()-4,"") | H24: =IF($B24<>"","Fadil Rijatul Haq","")
A25: =IF($B25<>"",ROW()-4,"") | H25: =IF($B25<>"","Fadil Rijatul Haq","")
A26: =IF($B26<>"",ROW()-4,"") | H26: =IF($B26<>"","Fadil Rijatul Haq","") | J26: Jumat
A27: =IF($B27<>"",ROW()-4,"") | H27: =IF($B27<>"","Fadil Rijatul Haq","")
A28: =IF($B28<>"",ROW()-4,"") | H28: =IF($B28<>"","Fadil Rijatul Haq","")
A29: =IF($B29<>"",ROW()-4,"") | H29: =IF($B29<>"","Fadil Rijatul Haq","")
A30: =IF($B30<>"",ROW()-4,"") | H30: =IF($B30<>"","Fadil Rijatul Haq","")
A31: =IF($B31<>"",ROW()-4,"") | H31: =IF($B31<>"","Fadil Rijatul Haq","") | J31: Sabtu
A32: =IF($B32<>"",ROW()-4,"") | H32: =IF($B32<>"","Fadil Rijatul Haq","")
A33: =IF($B33<>"",ROW()-4,"") | H33: =IF($B33<>"","Fadil Rijatul Haq","")
A34: =IF($B34<>"",ROW()-4,"") | H34: =IF($B34<>"","Fadil Rijatul Haq","")
A35: =IF($B35<>"",ROW()-4,"") | H35: =IF($B35<>"","Fadil Rijatul Haq","")
A36: =IF($B36<>"",ROW()-4,"") | H36: =IF($B36<>"","Fadil Rijatul Haq","")
A37: =IF($B37<>"",ROW()-4,"") | H37: =IF($B37<>"","Fadil Rijatul Haq","")
A38: =IF($B38<>"",ROW()-4,"") | H38: =IF($B38<>"","Fadil Rijatul Haq","")
A39: =IF($B39<>"",ROW()-4,"") | H39: =IF($B39<>"","Fadil Rijatul Haq","")
A40: =IF($B40<>"",ROW()-4,"") | H40: =IF($B40<>"","Fadil Rijatul Haq","")
A41: =IF($B41<>"",ROW()-4,"") | H41: =IF($B41<>"","Fadil Rijatul Haq","") | J41: Minggu
A42: =IF($B42<>"",ROW()-4,"") | H42: =IF($B42<>"","Fadil Rijatul Haq","")
A43: =IF($B43<>"",ROW()-4,"") | H43: =IF($B43<>"","Fadil Rijatul Haq","")
A44: =IF($B44<>"",ROW()-4,"") | H44: =IF($B44<>"","Fadil Rijatul Haq","")
A45: =IF($B45<>"",ROW()-4,"") | H45: =IF($B45<>"","Fadil Rijatul Haq","")
A46: =IF($B46<>"",ROW()-4,"") | H46: =IF($B46<>"","Fadil Rijatul Haq","")
A47: =IF($B47<>"",ROW()-4,"") | H47: =IF($B47<>"","Fadil Rijatul Haq","")
A48: =IF($B48<>"",ROW()-4,"") | H48: =IF($B48<>"","Fadil Rijatul Haq","")
A49: =IF($B49<>"",ROW()-4,"") | H49: =IF($B49<>"","Fadil Rijatul Haq","")
A50: =IF($B50<>"",ROW()-4,"") | H50: =IF($B50<>"","Fadil Rijatul Haq","")
A51: =IF($B51<>"",ROW()-4,"") | H51: =IF($B51<>"","Fadil Rijatul Haq","")
A52: =IF($B52<>"",ROW()-4,"") | H52: =IF($B52<>"","Fadil Rijatul Haq","")
A53: =IF($B53<>"",ROW()-4,"") | H53: =IF($B53<>"","Fadil Rijatul Haq","")
A54: =IF($B54<>"",ROW()-4,"") | H54: =IF($B54<>"","Fadil Rijatul Haq","")

Sheet Faega Fitriani Dwi Putri
A1: TWENTY SWIM - LEVEL SISWA & JADWAL LATIHAN (BANDUNG)
A2: Pelatih: Faega Fitriani Dwi Putri | D2: Terisi: | E2: =COUNTA($B$5:$B$54) | F2: siswa
A3: Isi kolom putih. Kolom berwarna = dropdown, tinggal pilih. No & Coach terisi otomatis.
A4: No | B4: Nama Siswa | C4: Program/Kelas | D4: Level Saat Ini | E4: Status | F4: Risiko | G4: Sosialisasi Keselamatan ke Ortu | H4: Coach | J4: JADWAL LATIHAN (Senin-Jumat 5 baris, Sabtu-Minggu 10 baris)
A5: =IF($B5<>"",ROW()-4,"") | B5: Ahza Rumaisa Prawesty | D5: Preschool II | E5: PA | H5: =IF($B5<>"","Faega Fitriani Dwi Putri","") | J5: Hari | K5: Jam | L5: Nama Siswa | M5: Lokasi (wilayah) | N5: Kolam
A6: =IF($B6<>"",ROW()-4,"") | B6: Klarissa Syamei Pahlani | D6: Preschool I | E6: PA | H6: =IF($B6<>"","Faega Fitriani Dwi Putri","") | J6: Senin
A7: =IF($B7<>"",ROW()-4,"") | B7: Elvaretta Karina Noristian | D7: Intermediate II | E7: Standalone | H7: =IF($B7<>"","Faega Fitriani Dwi Putri","")
A8: =IF($B8<>"",ROW()-4,"") | B8: Aysha Adzkiya | D8: Aquatike II | E8: PA | H8: =IF($B8<>"","Faega Fitriani Dwi Putri","")
A9: =IF($B9<>"",ROW()-4,"") | B9: Alula Khaliqa Dzahim | D9: Advanced I | E9: Standalone | H9: =IF($B9<>"","Faega Fitriani Dwi Putri","")
A10: =IF($B10<>"",ROW()-4,"") | B10: Manggala Nabil Aqla | D10: Intermediate I | E10: PA | H10: =IF($B10<>"","Faega Fitriani Dwi Putri","")
A11: =IF($B11<>"",ROW()-4,"") | B11: Ellmir Khalil Muazzam | D11: Preschool I | E11: PA | H11: =IF($B11<>"","Faega Fitriani Dwi Putri","") | J11: Selasa
A12: =IF($B12<>"",ROW()-4,"") | B12: Raya Kaira Mujtaba | D12: Beginner I | E12: PA | H12: =IF($B12<>"","Faega Fitriani Dwi Putri","")
A13: =IF($B13<>"",ROW()-4,"") | B13: Sarah Diandra Kirana | D13: Intermediate II | E13: Standalone | H13: =IF($B13<>"","Faega Fitriani Dwi Putri","")
A14: =IF($B14<>"",ROW()-4,"") | B14: Tranquilia Syifa Handriana | D14: Advanced II | E14: Standalone | H14: =IF($B14<>"","Faega Fitriani Dwi Putri","")
A15: =IF($B15<>"",ROW()-4,"") | B15: Syarifah Muscarida Handriana | D15: Beginner II | E15: PA | H15: =IF($B15<>"","Faega Fitriani Dwi Putri","")
A16: =IF($B16<>"",ROW()-4,"") | B16: Abdillah Muhammad Salahuddin Handria | D16: Beginner I | E16: PA | H16: =IF($B16<>"","Faega Fitriani Dwi Putri","") | J16: Rabu
A17: =IF($B17<>"",ROW()-4,"") | B17: Muhammad Nouman Khalid Handria | D17: Aquatike I | E17: PA | H17: =IF($B17<>"","Faega Fitriani Dwi Putri","")
A18: =IF($B18<>"",ROW()-4,"") | B18: Btari Alika Nazma W | C18: Baby Swim | D18: Baby Swim II | E18: PA | H18: =IF($B18<>"","Faega Fitriani Dwi Putri","")
A19: =IF($B19<>"",ROW()-4,"") | B19: Sheza Syera Kailazea | D19: Preschool I | E19: PA | H19: =IF($B19<>"","Faega Fitriani Dwi Putri","")
A20: =IF($B20<>"",ROW()-4,"") | B20: Afifah Nasha Hamidah | D20: Beginner I | E20: PA | H20: =IF($B20<>"","Faega Fitriani Dwi Putri","")
A21: =IF($B21<>"",ROW()-4,"") | H21: =IF($B21<>"","Faega Fitriani Dwi Putri","") | J21: Kamis
A22: =IF($B22<>"",ROW()-4,"") | H22: =IF($B22<>"","Faega Fitriani Dwi Putri","")
A23: =IF($B23<>"",ROW()-4,"") | H23: =IF($B23<>"","Faega Fitriani Dwi Putri","")
A24: =IF($B24<>"",ROW()-4,"") | H24: =IF($B24<>"","Faega Fitriani Dwi Putri","")
A25: =IF($B25<>"",ROW()-4,"") | H25: =IF($B25<>"","Faega Fitriani Dwi Putri","")
A26: =IF($B26<>"",ROW()-4,"") | H26: =IF($B26<>"","Faega Fitriani Dwi Putri","") | J26: Jumat
A27: =IF($B27<>"",ROW()-4,"") | H27: =IF($B27<>"","Faega Fitriani Dwi Putri","")
A28: =IF($B28<>"",ROW()-4,"") | H28: =IF($B28<>"","Faega Fitriani Dwi Putri","")
A29: =IF($B29<>"",ROW()-4,"") | H29: =IF($B29<>"","Faega Fitriani Dwi Putri","")
A30: =IF($B30<>"",ROW()-4,"") | H30: =IF($B30<>"","Faega Fitriani Dwi Putri","")
A31: =IF($B31<>"",ROW()-4,"") | H31: =IF($B31<>"","Faega Fitriani Dwi Putri","") | J31: Sabtu
A32: =IF($B32<>"",ROW()-4,"") | H32: =IF($B32<>"","Faega Fitriani Dwi Putri","")
A33: =IF($B33<>"",ROW()-4,"") | H33: =IF($B33<>"","Faega Fitriani Dwi Putri","")
A34: =IF($B34<>"",ROW()-4,"") | H34: =IF($B34<>"","Faega Fitriani Dwi Putri","")
A35: =IF($B35<>"",ROW()-4,"") | H35: =IF($B35<>"","Faega Fitriani Dwi Putri","")
A36: =IF($B36<>"",ROW()-4,"") | H36: =IF($B36<>"","Faega Fitriani Dwi Putri","")
A37: =IF($B37<>"",ROW()-4,"") | H37: =IF($B37<>"","Faega Fitriani Dwi Putri","")
A38: =IF($B38<>"",ROW()-4,"") | H38: =IF($B38<>"","Faega Fitriani Dwi Putri","")
A39: =IF($B39<>"",ROW()-4,"") | H39: =IF($B39<>"","Faega Fitriani Dwi Putri","")
A40: =IF($B40<>"",ROW()-4,"") | H40: =IF($B40<>"","Faega Fitriani Dwi Putri","")
A41: =IF($B41<>"",ROW()-4,"") | H41: =IF($B41<>"","Faega Fitriani Dwi Putri","") | J41: Minggu
A42: =IF($B42<>"",ROW()-4,"") | H42: =IF($B42<>"","Faega Fitriani Dwi Putri","")
A43: =IF($B43<>"",ROW()-4,"") | H43: =IF($B43<>"","Faega Fitriani Dwi Putri","")
A44: =IF($B44<>"",ROW()-4,"") | H44: =IF($B44<>"","Faega Fitriani Dwi Putri","")
A45: =IF($B45<>"",ROW()-4,"") | H45: =IF($B45<>"","Faega Fitriani Dwi Putri","")
A46: =IF($B46<>"",ROW()-4,"") | H46: =IF($B46<>"","Faega Fitriani Dwi Putri","")
A47: =IF($B47<>"",ROW()-4,"") | H47: =IF($B47<>"","Faega Fitriani Dwi Putri","")
A48: =IF($B48<>"",ROW()-4,"") | H48: =IF($B48<>"","Faega Fitriani Dwi Putri","")
A49: =IF($B49<>"",ROW()-4,"") | H49: =IF($B49<>"","Faega Fitriani Dwi Putri","")
A50: =IF($B50<>"",ROW()-4,"") | H50: =IF($B50<>"","Faega Fitriani Dwi Putri","")
A51: =IF($B51<>"",ROW()-4,"") | H51: =IF($B51<>"","Faega Fitriani Dwi Putri","")
A52: =IF($B52<>"",ROW()-4,"") | H52: =IF($B52<>"","Faega Fitriani Dwi Putri","")
A53: =IF($B53<>"",ROW()-4,"") | H53: =IF($B53<>"","Faega Fitriani Dwi Putri","")
A54: =IF($B54<>"",ROW()-4,"") | H54: =IF($B54<>"","Faega Fitriani Dwi Putri","")

Sheet Fajri Rizki Robbani
A1: TWENTY SWIM - LEVEL SISWA & JADWAL LATIHAN (BANDUNG)
A2: Pelatih: Fajri Rizki Robbani | D2: Terisi: | E2: =COUNTA($B$5:$B$54) | F2: siswa
A3: Isi kolom putih. Kolom berwarna = dropdown, tinggal pilih. No & Coach terisi otomatis.
A4: No | B4: Nama Siswa | C4: Program/Kelas | D4: Level Saat Ini | E4: Status | F4: Risiko | G4: Sosialisasi Keselamatan ke Ortu | H4: Coach | J4: JADWAL LATIHAN (Senin-Jumat 5 baris, Sabtu-Minggu 10 baris)
A5: =IF($B5<>"",ROW()-4,"") | B5: Daffa | D5: Beginner I | E5: PA | H5: =IF($B5<>"","Fajri Rizki Robbani","") | J5: Hari | K5: Jam | L5: Nama Siswa | M5: Lokasi (wilayah) | N5: Kolam
A6: =IF($B6<>"",ROW()-4,"") | B6: Athala Rayen | D6: Beginner II | E6: PA | H6: =IF($B6<>"","Fajri Rizki Robbani","") | J6: Senin
A7: =IF($B7<>"",ROW()-4,"") | B7: Aufa | D7: Intermediate II | E7: Standalone | H7: =IF($B7<>"","Fajri Rizki Robbani","")
A8: =IF($B8<>"",ROW()-4,"") | B8: Genta | D8: Intermediate I | E8: PA | H8: =IF($B8<>"","Fajri Rizki Robbani","")
A9: =IF($B9<>"",ROW()-4,"") | B9: Rizqi | D9: Beginner II | E9: PA | H9: =IF($B9<>"","Fajri Rizki Robbani","")
A10: =IF($B10<>"",ROW()-4,"") | B10: Aizan | D10: Preschool II | E10: PA | H10: =IF($B10<>"","Fajri Rizki Robbani","")
A11: =IF($B11<>"",ROW()-4,"") | B11: Varrel | D11: Intermediate I | E11: Standalone | H11: =IF($B11<>"","Fajri Rizki Robbani","") | J11: Selasa
A12: =IF($B12<>"",ROW()-4,"") | B12: Athalla | D12: Beginner III | E12: PA | H12: =IF($B12<>"","Fajri Rizki Robbani","")
A13: =IF($B13<>"",ROW()-4,"") | B13: Arazka | D13: Beginner III | E13: PA | H13: =IF($B13<>"","Fajri Rizki Robbani","")
A14: =IF($B14<>"",ROW()-4,"") | B14: Arsene | D14: Beginner II | E14: PA | H14: =IF($B14<>"","Fajri Rizki Robbani","")
A15: =IF($B15<>"",ROW()-4,"") | B15: Abidzar | D15: Beginner II | E15: PA | H15: =IF($B15<>"","Fajri Rizki Robbani","")
A16: =IF($B16<>"",ROW()-4,"") | B16: Hamzah | D16: Aquatike I | E16: PA | H16: =IF($B16<>"","Fajri Rizki Robbani","") | J16: Rabu
A17: =IF($B17<>"",ROW()-4,"") | H17: =IF($B17<>"","Fajri Rizki Robbani","")
A18: =IF($B18<>"",ROW()-4,"") | H18: =IF($B18<>"","Fajri Rizki Robbani","")
A19: =IF($B19<>"",ROW()-4,"") | H19: =IF($B19<>"","Fajri Rizki Robbani","")
A20: =IF($B20<>"",ROW()-4,"") | H20: =IF($B20<>"","Fajri Rizki Robbani","")
A21: =IF($B21<>"",ROW()-4,"") | H21: =IF($B21<>"","Fajri Rizki Robbani","") | J21: Kamis
A22: =IF($B22<>"",ROW()-4,"") | H22: =IF($B22<>"","Fajri Rizki Robbani","")
A23: =IF($B23<>"",ROW()-4,"") | H23: =IF($B23<>"","Fajri Rizki Robbani","")
A24: =IF($B24<>"",ROW()-4,"") | H24: =IF($B24<>"","Fajri Rizki Robbani","")
A25: =IF($B25<>"",ROW()-4,"") | H25: =IF($B25<>"","Fajri Rizki Robbani","")
A26: =IF($B26<>"",ROW()-4,"") | H26: =IF($B26<>"","Fajri Rizki Robbani","") | J26: Jumat
A27: =IF($B27<>"",ROW()-4,"") | H27: =IF($B27<>"","Fajri Rizki Robbani","")
A28: =IF($B28<>"",ROW()-4,"") | H28: =IF($B28<>"","Fajri Rizki Robbani","")
A29: =IF($B29<>"",ROW()-4,"") | H29: =IF($B29<>"","Fajri Rizki Robbani","")
A30: =IF($B30<>"",ROW()-4,"") | H30: =IF($B30<>"","Fajri Rizki Robbani","")
A31: =IF($B31<>"",ROW()-4,"") | H31: =IF($B31<>"","Fajri Rizki Robbani","") | J31: Sabtu
A32: =IF($B32<>"",ROW()-4,"") | H32: =IF($B32<>"","Fajri Rizki Robbani","")
A33: =IF($B33<>"",ROW()-4,"") | H33: =IF($B33<>"","Fajri Rizki Robbani","")
A34: =IF($B34<>"",ROW()-4,"") | H34: =IF($B34<>"","Fajri Rizki Robbani","")
A35: =IF($B35<>"",ROW()-4,"") | H35: =IF($B35<>"","Fajri Rizki Robbani","")
A36: =IF($B36<>"",ROW()-4,"") | H36: =IF($B36<>"","Fajri Rizki Robbani","")
A37: =IF($B37<>"",ROW()-4,"") | H37: =IF($B37<>"","Fajri Rizki Robbani","")
A38: =IF($B38<>"",ROW()-4,"") | H38: =IF($B38<>"","Fajri Rizki Robbani","")
A39: =IF($B39<>"",ROW()-4,"") | H39: =IF($B39<>"","Fajri Rizki Robbani","")
A40: =IF($B40<>"",ROW()-4,"") | H40: =IF($B40<>"","Fajri Rizki Robbani","")
A41: =IF($B41<>"",ROW()-4,"") | H41: =IF($B41<>"","Fajri Rizki Robbani","") | J41: Minggu
A42: =IF($B42<>"",ROW()-4,"") | H42: =IF($B42<>"","Fajri Rizki Robbani","")
A43: =IF($B43<>"",ROW()-4,"") | H43: =IF($B43<>"","Fajri Rizki Robbani","")
A44: =IF($B44<>"",ROW()-4,"") | H44: =IF($B44<>"","Fajri Rizki Robbani","")
A45: =IF($B45<>"",ROW()-4,"") | H45: =IF($B45<>"","Fajri Rizki Robbani","")
A46: =IF($B46<>"",ROW()-4,"") | H46: =IF($B46<>"","Fajri Rizki Robbani","")
A47: =IF($B47<>"",ROW()-4,"") | H47: =IF($B47<>"","Fajri Rizki Robbani","")
A48: =IF($B48<>"",ROW()-4,"") | H48: =IF($B48<>"","Fajri Rizki Robbani","")
A49: =IF($B49<>"",ROW()-4,"") | H49: =IF($B49<>"","Fajri Rizki Robbani","")
A50: =IF($B50<>"",ROW()-4,"") | H50: =IF($B50<>"","Fajri Rizki Robbani","")
A51: =IF($B51<>"",ROW()-4,"") | H51: =IF($B51<>"","Fajri Rizki Robbani","")
A52: =IF($B52<>"",ROW()-4,"") | H52: =IF($B52<>"","Fajri Rizki Robbani","")
A53: =IF($B53<>"",ROW()-4,"") | H53: =IF($B53<>"","Fajri Rizki Robbani","")
A54: =IF($B54<>"",ROW()-4,"") | H54: =IF($B54<>"","Fajri Rizki Robbani","")

Sheet Fakhri Safrudin Sopandi
A1: TWENTY SWIM - LEVEL SISWA & JADWAL LATIHAN (BANDUNG)
A2: Pelatih: Fakhri Safrudin Sopandi | D2: Terisi: | E2: =COUNTA($B$5:$B$54) | F2: siswa
A3: Isi kolom putih. Kolom berwarna = dropdown, tinggal pilih. No & Coach terisi otomatis.
A4: No | B4: Nama Siswa | C4: Program/Kelas | D4: Level Saat Ini | E4: Status | F4: Risiko | G4: Sosialisasi Keselamatan ke Ortu | H4: Coach | J4: JADWAL LATIHAN (Senin-Jumat 5 baris, Sabtu-Minggu 10 baris)
A5: =IF($B5<>"",ROW()-4,"") | B5: Rumi Aldibara Noor | D5: Advanced I | E5: Standalone | H5: =IF($B5<>"","Fakhri Safrudin Sopandi","") | J5: Hari | K5: Jam | L5: Nama Siswa | M5: Lokasi (wilayah) | N5: Kolam
A6: =IF($B6<>"",ROW()-4,"") | B6: Samuel Moto Natama | D6: Beginner III | E6: Standalone | H6: =IF($B6<>"","Fakhri Safrudin Sopandi","") | J6: Senin
A7: =IF($B7<>"",ROW()-4,"") | B7: Mathias lasdo Artana | D7: Beginner I | E7: Standalone | H7: =IF($B7<>"","Fakhri Safrudin Sopandi","")
A8: =IF($B8<>"",ROW()-4,"") | B8: Alshan Danendra Gafa | D8: Aquatike I | E8: Standalone | H8: =IF($B8<>"","Fakhri Safrudin Sopandi","")
A9: =IF($B9<>"",ROW()-4,"") | B9: Muhammad Aufa Ghaisani | D9: Beginner I | E9: Standalone | H9: =IF($B9<>"","Fakhri Safrudin Sopandi","")
A10: =IF($B10<>"",ROW()-4,"") | B10: Fauzan Kareemzafran | D10: Beginner I | E10: Standalone | H10: =IF($B10<>"","Fakhri Safrudin Sopandi","")
A11: =IF($B11<>"",ROW()-4,"") | B11: Fauzan Asfa | D11: Swim Team Prep | E11: Standalone | H11: =IF($B11<>"","Fakhri Safrudin Sopandi","") | J11: Selasa
A12: =IF($B12<>"",ROW()-4,"") | B12: Hasbi Assidqi | D12: Beginner I | E12: Standalone | H12: =IF($B12<>"","Fakhri Safrudin Sopandi","")
A13: =IF($B13<>"",ROW()-4,"") | B13: Devandra Omar | C13: Baby Swim | D13: Baby Swim I | E13: PA | H13: =IF($B13<>"","Fakhri Safrudin Sopandi","")
A14: =IF($B14<>"",ROW()-4,"") | B14: Muhammad Arkan | D14: Beginner I | E14: Standalone | H14: =IF($B14<>"","Fakhri Safrudin Sopandi","")
A15: =IF($B15<>"",ROW()-4,"") | B15: Muhammad Althaf | D15: Beginner I | E15: Standalone | H15: =IF($B15<>"","Fakhri Safrudin Sopandi","")
A16: =IF($B16<>"",ROW()-4,"") | H16: =IF($B16<>"","Fakhri Safrudin Sopandi","") | J16: Rabu
A17: =IF($B17<>"",ROW()-4,"") | H17: =IF($B17<>"","Fakhri Safrudin Sopandi","")
A18: =IF($B18<>"",ROW()-4,"") | H18: =IF($B18<>"","Fakhri Safrudin Sopandi","")
A19: =IF($B19<>"",ROW()-4,"") | H19: =IF($B19<>"","Fakhri Safrudin Sopandi","")
A20: =IF($B20<>"",ROW()-4,"") | H20: =IF($B20<>"","Fakhri Safrudin Sopandi","")
A21: =IF($B21<>"",ROW()-4,"") | H21: =IF($B21<>"","Fakhri Safrudin Sopandi","") | J21: Kamis
A22: =IF($B22<>"",ROW()-4,"") | H22: =IF($B22<>"","Fakhri Safrudin Sopandi","")
A23: =IF($B23<>"",ROW()-4,"") | H23: =IF($B23<>"","Fakhri Safrudin Sopandi","")
A24: =IF($B24<>"",ROW()-4,"") | H24: =IF($B24<>"","Fakhri Safrudin Sopandi","")
A25: =IF($B25<>"",ROW()-4,"") | H25: =IF($B25<>"","Fakhri Safrudin Sopandi","")
A26: =IF($B26<>"",ROW()-4,"") | H26: =IF($B26<>"","Fakhri Safrudin Sopandi","") | J26: Jumat
A27: =IF($B27<>"",ROW()-4,"") | H27: =IF($B27<>"","Fakhri Safrudin Sopandi","")
A28: =IF($B28<>"",ROW()-4,"") | H28: =IF($B28<>"","Fakhri Safrudin Sopandi","")
A29: =IF($B29<>"",ROW()-4,"") | H29: =IF($B29<>"","Fakhri Safrudin Sopandi","")
A30: =IF($B30<>"",ROW()-4,"") | H30: =IF($B30<>"","Fakhri Safrudin Sopandi","")
A31: =IF($B31<>"",ROW()-4,"") | H31: =IF($B31<>"","Fakhri Safrudin Sopandi","") | J31: Sabtu
A32: =IF($B32<>"",ROW()-4,"") | H32: =IF($B32<>"","Fakhri Safrudin Sopandi","")
A33: =IF($B33<>"",ROW()-4,"") | H33: =IF($B33<>"","Fakhri Safrudin Sopandi","")
A34: =IF($B34<>"",ROW()-4,"") | H34: =IF($B34<>"","Fakhri Safrudin Sopandi","")
A35: =IF($B35<>"",ROW()-4,"") | H35: =IF($B35<>"","Fakhri Safrudin Sopandi","")
A36: =IF($B36<>"",ROW()-4,"") | H36: =IF($B36<>"","Fakhri Safrudin Sopandi","")
A37: =IF($B37<>"",ROW()-4,"") | H37: =IF($B37<>"","Fakhri Safrudin Sopandi","")
A38: =IF($B38<>"",ROW()-4,"") | H38: =IF($B38<>"","Fakhri Safrudin Sopandi","")
A39: =IF($B39<>"",ROW()-4,"") | H39: =IF($B39<>"","Fakhri Safrudin Sopandi","")
A40: =IF($B40<>"",ROW()-4,"") | H40: =IF($B40<>"","Fakhri Safrudin Sopandi","")
A41: =IF($B41<>"",ROW()-4,"") | H41: =IF($B41<>"","Fakhri Safrudin Sopandi","") | J41: Minggu
A42: =IF($B42<>"",ROW()-4,"") | H42: =IF($B42<>"","Fakhri Safrudin Sopandi","")
A43: =IF($B43<>"",ROW()-4,"") | H43: =IF($B43<>"","Fakhri Safrudin Sopandi","")
A44: =IF($B44<>"",ROW()-4,"") | H44: =IF($B44<>"","Fakhri Safrudin Sopandi","")
A45: =IF($B45<>"",ROW()-4,"") | H45: =IF($B45<>"","Fakhri Safrudin Sopandi","")
A46: =IF($B46<>"",ROW()-4,"") | H46: =IF($B46<>"","Fakhri Safrudin Sopandi","")
A47: =IF($B47<>"",ROW()-4,"") | H47: =IF($B47<>"","Fakhri Safrudin Sopandi","")
A48: =IF($B48<>"",ROW()-4,"") | H48: =IF($B48<>"","Fakhri Safrudin Sopandi","")
A49: =IF($B49<>"",ROW()-4,"") | H49: =IF($B49<>"","Fakhri Safrudin Sopandi","")
A50: =IF($B50<>"",ROW()-4,"") | H50: =IF($B50<>"","Fakhri Safrudin Sopandi","")
A51: =IF($B51<>"",ROW()-4,"") | H51: =IF($B51<>"","Fakhri Safrudin Sopandi","")
A52: =IF($B52<>"",ROW()-4,"") | H52: =IF($B52<>"","Fakhri Safrudin Sopandi","")
A53: =IF($B53<>"",ROW()-4,"") | H53: =IF($B53<>"","Fakhri Safrudin Sopandi","")
A54: =IF($B54<>"",ROW()-4,"") | H54: =IF($B54<>"","Fakhri Safrudin Sopandi","")

Sheet Moh. Rizky Nugraha
A1: TWENTY SWIM - LEVEL SISWA & JADWAL LATIHAN (BANDUNG)
A2: Pelatih: Moh. Rizky Nugraha | D2: Terisi: | E2: =COUNTA($B$5:$B$54) | F2: siswa
A3: Isi kolom putih. Kolom berwarna = dropdown, tinggal pilih. No & Coach terisi otomatis.
A4: No | B4: Nama Siswa | C4: Program/Kelas | D4: Level Saat Ini | E4: Status | F4: Risiko | G4: Sosialisasi Keselamatan ke Ortu | H4: Coach | J4: JADWAL LATIHAN (Senin-Jumat 5 baris, Sabtu-Minggu 10 baris)
A5: =IF($B5<>"",ROW()-4,"") | B5: Fakhrie Azzam Ramdhani | D5: Intermediate I | E5: Standalone | H5: =IF($B5<>"","Moh. Rizky Nugraha","") | J5: Hari | K5: Jam | L5: Nama Siswa | M5: Lokasi (wilayah) | N5: Kolam
A6: =IF($B6<>"",ROW()-4,"") | B6: Nesya Maheswari | D6: Beginner I | E6: Standalone | H6: =IF($B6<>"","Moh. Rizky Nugraha","") | J6: Senin
A7: =IF($B7<>"",ROW()-4,"") | B7: Kamayel Zurio | C7: Baby Swim | D7: Baby Swim I | E7: PA | H7: =IF($B7<>"","Moh. Rizky Nugraha","")
A8: =IF($B8<>"",ROW()-4,"") | B8: Arvino Elghazi | D8: Beginner II | E8: Standalone | H8: =IF($B8<>"","Moh. Rizky Nugraha","")
A9: =IF($B9<>"",ROW()-4,"") | B9: Almira | D9: Beginner I | E9: Standalone | H9: =IF($B9<>"","Moh. Rizky Nugraha","")
A10: =IF($B10<>"",ROW()-4,"") | B10: Dhafir | D10: Beginner I | E10: Standalone | H10: =IF($B10<>"","Moh. Rizky Nugraha","")
A11: =IF($B11<>"",ROW()-4,"") | H11: =IF($B11<>"","Moh. Rizky Nugraha","") | J11: Selasa
A12: =IF($B12<>"",ROW()-4,"") | H12: =IF($B12<>"","Moh. Rizky Nugraha","")
A13: =IF($B13<>"",ROW()-4,"") | H13: =IF($B13<>"","Moh. Rizky Nugraha","")
A14: =IF($B14<>"",ROW()-4,"") | H14: =IF($B14<>"","Moh. Rizky Nugraha","")
A15: =IF($B15<>"",ROW()-4,"") | H15: =IF($B15<>"","Moh. Rizky Nugraha","")
A16: =IF($B16<>"",ROW()-4,"") | H16: =IF($B16<>"","Moh. Rizky Nugraha","") | J16: Rabu
A17: =IF($B17<>"",ROW()-4,"") | H17: =IF($B17<>"","Moh. Rizky Nugraha","")
A18: =IF($B18<>"",ROW()-4,"") | H18: =IF($B18<>"","Moh. Rizky Nugraha","")
A19: =IF($B19<>"",ROW()-4,"") | H19: =IF($B19<>"","Moh. Rizky Nugraha","")
A20: =IF($B20<>"",ROW()-4,"") | H20: =IF($B20<>"","Moh. Rizky Nugraha","")
A21: =IF($B21<>"",ROW()-4,"") | H21: =IF($B21<>"","Moh. Rizky Nugraha","") | J21: Kamis
A22: =IF($B22<>"",ROW()-4,"") | H22: =IF($B22<>"","Moh. Rizky Nugraha","")
A23: =IF($B23<>"",ROW()-4,"") | H23: =IF($B23<>"","Moh. Rizky Nugraha","")
A24: =IF($B24<>"",ROW()-4,"") | H24: =IF($B24<>"","Moh. Rizky Nugraha","")
A25: =IF($B25<>"",ROW()-4,"") | H25: =IF($B25<>"","Moh. Rizky Nugraha","")
A26: =IF($B26<>"",ROW()-4,"") | H26: =IF($B26<>"","Moh. Rizky Nugraha","") | J26: Jumat
A27: =IF($B27<>"",ROW()-4,"") | H27: =IF($B27<>"","Moh. Rizky Nugraha","")
A28: =IF($B28<>"",ROW()-4,"") | H28: =IF($B28<>"","Moh. Rizky Nugraha","")
A29: =IF($B29<>"",ROW()-4,"") | H29: =IF($B29<>"","Moh. Rizky Nugraha","")
A30: =IF($B30<>"",ROW()-4,"") | H30: =IF($B30<>"","Moh. Rizky Nugraha","")
A31: =IF($B31<>"",ROW()-4,"") | H31: =IF($B31<>"","Moh. Rizky Nugraha","") | J31: Sabtu
A32: =IF($B32<>"",ROW()-4,"") | H32: =IF($B32<>"","Moh. Rizky Nugraha","")
A33: =IF($B33<>"",ROW()-4,"") | H33: =IF($B33<>"","Moh. Rizky Nugraha","")
A34: =IF($B34<>"",ROW()-4,"") | H34: =IF($B34<>"","Moh. Rizky Nugraha","")
A35: =IF($B35<>"",ROW()-4,"") | H35: =IF($B35<>"","Moh. Rizky Nugraha","")
A36: =IF($B36<>"",ROW()-4,"") | H36: =IF($B36<>"","Moh. Rizky Nugraha","")
A37: =IF($B37<>"",ROW()-4,"") | H37: =IF($B37<>"","Moh. Rizky Nugraha","")
A38: =IF($B38<>"",ROW()-4,"") | H38: =IF($B38<>"","Moh. Rizky Nugraha","")
A39: =IF($B39<>"",ROW()-4,"") | H39: =IF($B39<>"","Moh. Rizky Nugraha","")
A40: =IF($B40<>"",ROW()-4,"") | H40: =IF($B40<>"","Moh. Rizky Nugraha","")
A41: =IF($B41<>"",ROW()-4,"") | H41: =IF($B41<>"","Moh. Rizky Nugraha","") | J41: Minggu
A42: =IF($B42<>"",ROW()-4,"") | H42: =IF($B42<>"","Moh. Rizky Nugraha","")
A43: =IF($B43<>"",ROW()-4,"") | H43: =IF($B43<>"","Moh. Rizky Nugraha","")
A44: =IF($B44<>"",ROW()-4,"") | H44: =IF($B44<>"","Moh. Rizky Nugraha","")
A45: =IF($B45<>"",ROW()-4,"") | H45: =IF($B45<>"","Moh. Rizky Nugraha","")
A46: =IF($B46<>"",ROW()-4,"") | H46: =IF($B46<>"","Moh. Rizky Nugraha","")
A47: =IF($B47<>"",ROW()-4,"") | H47: =IF($B47<>"","Moh. Rizky Nugraha","")
A48: =IF($B48<>"",ROW()-4,"") | H48: =IF($B48<>"","Moh. Rizky Nugraha","")
A49: =IF($B49<>"",ROW()-4,"") | H49: =IF($B49<>"","Moh. Rizky Nugraha","")
A50: =IF($B50<>"",ROW()-4,"") | H50: =IF($B50<>"","Moh. Rizky Nugraha","")
A51: =IF($B51<>"",ROW()-4,"") | H51: =IF($B51<>"","Moh. Rizky Nugraha","")
A52: =IF($B52<>"",ROW()-4,"") | H52: =IF($B52<>"","Moh. Rizky Nugraha","")
A53: =IF($B53<>"",ROW()-4,"") | H53: =IF($B53<>"","Moh. Rizky Nugraha","")
A54: =IF($B54<>"",ROW()-4,"") | H54: =IF($B54<>"","Moh. Rizky Nugraha","")

Sheet Muhammad Akbar Putra
A1: TWENTY SWIM - LEVEL SISWA & JADWAL LATIHAN (BANDUNG)
A2: Pelatih: Muhammad Akbar Putra | D2: Terisi: | E2: =COUNTA($B$5:$B$54) | F2: siswa
A3: Isi kolom putih. Kolom berwarna = dropdown, tinggal pilih. No & Coach terisi otomatis.
A4: No | B4: Nama Siswa | C4: Program/Kelas | D4: Level Saat Ini | E4: Status | F4: Risiko | G4: Sosialisasi Keselamatan ke Ortu | H4: Coach | J4: JADWAL LATIHAN (Senin-Jumat 5 baris, Sabtu-Minggu 10 baris)
A5: =IF($B5<>"",ROW()-4,"") | B5: Alaric Naufal Shafaraz | D5: Swim Team Prep | E5: Standalone | H5: =IF($B5<>"","Muhammad Akbar Putra","") | J5: Hari | K5: Jam | L5: Nama Siswa | M5: Lokasi (wilayah) | N5: Kolam
A6: =IF($B6<>"",ROW()-4,"") | B6: Dhirgam Evano H | D6: Beginner III | E6: Standalone | H6: =IF($B6<>"","Muhammad Akbar Putra","") | J6: Senin
A7: =IF($B7<>"",ROW()-4,"") | B7: Eliam Adley Eleazar | D7: Intermediate I | E7: Standalone | H7: =IF($B7<>"","Muhammad Akbar Putra","")
A8: =IF($B8<>"",ROW()-4,"") | B8: Adam Akbar Rizqiawan | D8: Intermediate I | E8: Standalone | H8: =IF($B8<>"","Muhammad Akbar Putra","")
A9: =IF($B9<>"",ROW()-4,"") | B9: Benedict Feifel Sugiarto | D9: Beginner III | E9: Standalone | H9: =IF($B9<>"","Muhammad Akbar Putra","")
A10: =IF($B10<>"",ROW()-4,"") | B10: Muhamad Hafiz Putra Pratama | D10: Beginner I | E10: Standalone | H10: =IF($B10<>"","Muhammad Akbar Putra","")
A11: =IF($B11<>"",ROW()-4,"") | B11: Deandra Arezky Ali | D11: Intermediate I | E11: Standalone | H11: =IF($B11<>"","Muhammad Akbar Putra","") | J11: Selasa
A12: =IF($B12<>"",ROW()-4,"") | B12: Fillio Azmi Hadyan | D12: Intermediate I | E12: Standalone | H12: =IF($B12<>"","Muhammad Akbar Putra","")
A13: =IF($B13<>"",ROW()-4,"") | B13: Keenan Athaya Kusumah | D13: Intermediate I | E13: Standalone | H13: =IF($B13<>"","Muhammad Akbar Putra","")
A14: =IF($B14<>"",ROW()-4,"") | B14: Atharizz Abbyan Kusumah | D14: Advanced II | E14: Standalone | H14: =IF($B14<>"","Muhammad Akbar Putra","")
A15: =IF($B15<>"",ROW()-4,"") | B15: Elzian Melvin Daviandra | D15: Beginner III | E15: Standalone | H15: =IF($B15<>"","Muhammad Akbar Putra","")
A16: =IF($B16<>"",ROW()-4,"") | B16: Adzkia Zahratul Dzikra | D16: Intermediate I | E16: Standalone | H16: =IF($B16<>"","Muhammad Akbar Putra","") | J16: Rabu
A17: =IF($B17<>"",ROW()-4,"") | B17: Queena Xaviera Al Zahsy | D17: Beginner I | E17: Standalone | H17: =IF($B17<>"","Muhammad Akbar Putra","")
A18: =IF($B18<>"",ROW()-4,"") | B18: Muhammad Arsyad Mubarak | D18: Intermediate I | E18: Standalone | H18: =IF($B18<>"","Muhammad Akbar Putra","")
A19: =IF($B19<>"",ROW()-4,"") | B19: Faeyza Zabdan Gumelar | D19: Beginner III | E19: Standalone | H19: =IF($B19<>"","Muhammad Akbar Putra","")
A20: =IF($B20<>"",ROW()-4,"") | B20: Haqiqi Aldebaran Fauzi | D20: Beginner I | E20: Standalone | H20: =IF($B20<>"","Muhammad Akbar Putra","")
A21: =IF($B21<>"",ROW()-4,"") | H21: =IF($B21<>"","Muhammad Akbar Putra","") | J21: Kamis
A22: =IF($B22<>"",ROW()-4,"") | H22: =IF($B22<>"","Muhammad Akbar Putra","")
A23: =IF($B23<>"",ROW()-4,"") | H23: =IF($B23<>"","Muhammad Akbar Putra","")
A24: =IF($B24<>"",ROW()-4,"") | H24: =IF($B24<>"","Muhammad Akbar Putra","")
A25: =IF($B25<>"",ROW()-4,"") | H25: =IF($B25<>"","Muhammad Akbar Putra","")
A26: =IF($B26<>"",ROW()-4,"") | H26: =IF($B26<>"","Muhammad Akbar Putra","") | J26: Jumat
A27: =IF($B27<>"",ROW()-4,"") | H27: =IF($B27<>"","Muhammad Akbar Putra","")
A28: =IF($B28<>"",ROW()-4,"") | H28: =IF($B28<>"","Muhammad Akbar Putra","")
A29: =IF($B29<>"",ROW()-4,"") | H29: =IF($B29<>"","Muhammad Akbar Putra","")
A30: =IF($B30<>"",ROW()-4,"") | H30: =IF($B30<>"","Muhammad Akbar Putra","")
A31: =IF($B31<>"",ROW()-4,"") | H31: =IF($B31<>"","Muhammad Akbar Putra","") | J31: Sabtu
A32: =IF($B32<>"",ROW()-4,"") | H32: =IF($B32<>"","Muhammad Akbar Putra","")
A33: =IF($B33<>"",ROW()-4,"") | H33: =IF($B33<>"","Muhammad Akbar Putra","")
A34: =IF($B34<>"",ROW()-4,"") | H34: =IF($B34<>"","Muhammad Akbar Putra","")
A35: =IF($B35<>"",ROW()-4,"") | H35: =IF($B35<>"","Muhammad Akbar Putra","")
A36: =IF($B36<>"",ROW()-4,"") | H36: =IF($B36<>"","Muhammad Akbar Putra","")
A37: =IF($B37<>"",ROW()-4,"") | H37: =IF($B37<>"","Muhammad Akbar Putra","")
A38: =IF($B38<>"",ROW()-4,"") | H38: =IF($B38<>"","Muhammad Akbar Putra","")
A39: =IF($B39<>"",ROW()-4,"") | H39: =IF($B39<>"","Muhammad Akbar Putra","")
A40: =IF($B40<>"",ROW()-4,"") | H40: =IF($B40<>"","Muhammad Akbar Putra","")
A41: =IF($B41<>"",ROW()-4,"") | H41: =IF($B41<>"","Muhammad Akbar Putra","") | J41: Minggu
A42: =IF($B42<>"",ROW()-4,"") | H42: =IF($B42<>"","Muhammad Akbar Putra","")
A43: =IF($B43<>"",ROW()-4,"") | H43: =IF($B43<>"","Muhammad Akbar Putra","")
A44: =IF($B44<>"",ROW()-4,"") | H44: =IF($B44<>"","Muhammad Akbar Putra","")
A45: =IF($B45<>"",ROW()-4,"") | H45: =IF($B45<>"","Muhammad Akbar Putra","")
A46: =IF($B46<>"",ROW()-4,"") | H46: =IF($B46<>"","Muhammad Akbar Putra","")
A47: =IF($B47<>"",ROW()-4,"") | H47: =IF($B47<>"","Muhammad Akbar Putra","")
A48: =IF($B48<>"",ROW()-4,"") | H48: =IF($B48<>"","Muhammad Akbar Putra","")
A49: =IF($B49<>"",ROW()-4,"") | H49: =IF($B49<>"","Muhammad Akbar Putra","")
A50: =IF($B50<>"",ROW()-4,"") | H50: =IF($B50<>"","Muhammad Akbar Putra","")
A51: =IF($B51<>"",ROW()-4,"") | H51: =IF($B51<>"","Muhammad Akbar Putra","")
A52: =IF($B52<>"",ROW()-4,"") | H52: =IF($B52<>"","Muhammad Akbar Putra","")
A53: =IF($B53<>"",ROW()-4,"") | H53: =IF($B53<>"","Muhammad Akbar Putra","")
A54: =IF($B54<>"",ROW()-4,"") | H54: =IF($B54<>"","Muhammad Akbar Putra","")

Sheet Muhammad Hafidz Ramadhan
A1: TWENTY SWIM - LEVEL SISWA & JADWAL LATIHAN (BANDUNG)
A2: Pelatih: Muhammad Hafidz Ramadhan | D2: Terisi: | E2: =COUNTA($B$5:$B$54) | F2: siswa
A3: Isi kolom putih. Kolom berwarna = dropdown, tinggal pilih. No & Coach terisi otomatis.
A4: No | B4: Nama Siswa | C4: Program/Kelas | D4: Level Saat Ini | E4: Status | F4: Risiko | G4: Sosialisasi Keselamatan ke Ortu | H4: Coach | J4: JADWAL LATIHAN (Senin-Jumat 5 baris, Sabtu-Minggu 10 baris)
A5: =IF($B5<>"",ROW()-4,"") | B5: Hamdan | D5: Aquatike I | E5: Standalone | H5: =IF($B5<>"","Muhammad Hafidz Ramadhan","") | J5: Hari | K5: Jam | L5: Nama Siswa | M5: Lokasi (wilayah) | N5: Kolam
A6: =IF($B6<>"",ROW()-4,"") | B6: gamma | D6: Intermediate II | E6: Standalone | H6: =IF($B6<>"","Muhammad Hafidz Ramadhan","") | J6: Senin
A7: =IF($B7<>"",ROW()-4,"") | B7: angkasa | D7: Beginner I | E7: Standalone | H7: =IF($B7<>"","Muhammad Hafidz Ramadhan","")
A8: =IF($B8<>"",ROW()-4,"") | B8: gilbran | D8: Advanced II | E8: Standalone | H8: =IF($B8<>"","Muhammad Hafidz Ramadhan","")
A9: =IF($B9<>"",ROW()-4,"") | B9: zaid | D9: Beginner III | E9: Standalone | H9: =IF($B9<>"","Muhammad Hafidz Ramadhan","")
A10: =IF($B10<>"",ROW()-4,"") | B10: akbar | D10: Swim Team Prep | E10: Standalone | H10: =IF($B10<>"","Muhammad Hafidz Ramadhan","")
A11: =IF($B11<>"",ROW()-4,"") | B11: rasya | D11: Swim Team Prep | E11: Standalone | H11: =IF($B11<>"","Muhammad Hafidz Ramadhan","") | J11: Selasa
A12: =IF($B12<>"",ROW()-4,"") | B12: assyifa | D12: Beginner III | E12: Standalone | H12: =IF($B12<>"","Muhammad Hafidz Ramadhan","")
A13: =IF($B13<>"",ROW()-4,"") | B13: gahziya | D13: Beginner III | E13: Standalone | H13: =IF($B13<>"","Muhammad Hafidz Ramadhan","")
A14: =IF($B14<>"",ROW()-4,"") | B14: rara | D14: Advanced I | E14: Standalone | H14: =IF($B14<>"","Muhammad Hafidz Ramadhan","")
A15: =IF($B15<>"",ROW()-4,"") | B15: alifia | D15: Advanced I | E15: Standalone | H15: =IF($B15<>"","Muhammad Hafidz Ramadhan","")
A16: =IF($B16<>"",ROW()-4,"") | B16: esa | D16: Beginner III | E16: Standalone | H16: =IF($B16<>"","Muhammad Hafidz Ramadhan","") | J16: Rabu
A17: =IF($B17<>"",ROW()-4,"") | B17: bara | D17: Aquatike I | E17: PA | H17: =IF($B17<>"","Muhammad Hafidz Ramadhan","")
A18: =IF($B18<>"",ROW()-4,"") | B18: hizan | D18: Beginner I | E18: Standalone | H18: =IF($B18<>"","Muhammad Hafidz Ramadhan","")
A19: =IF($B19<>"",ROW()-4,"") | B19: alzayn | D19: Intermediate II | E19: Standalone | H19: =IF($B19<>"","Muhammad Hafidz Ramadhan","")
A20: =IF($B20<>"",ROW()-4,"") | B20: rafifah | D20: Beginner III | E20: Standalone | H20: =IF($B20<>"","Muhammad Hafidz Ramadhan","")
A21: =IF($B21<>"",ROW()-4,"") | B21: Dhirgam Evano H | D21: Beginner III | E21: Standalone | H21: =IF($B21<>"","Muhammad Hafidz Ramadhan","") | J21: Kamis
A22: =IF($B22<>"",ROW()-4,"") | B22: Shakel | D22: Beginner I | H22: =IF($B22<>"","Muhammad Hafidz Ramadhan","")
A23: =IF($B23<>"",ROW()-4,"") | B23: Sultan | D23: Beginner I | H23: =IF($B23<>"","Muhammad Hafidz Ramadhan","")
A24: =IF($B24<>"",ROW()-4,"") | B24: Putra | D24: Beginner I | H24: =IF($B24<>"","Muhammad Hafidz Ramadhan","")
A25: =IF($B25<>"",ROW()-4,"") | H25: =IF($B25<>"","Muhammad Hafidz Ramadhan","")
A26: =IF($B26<>"",ROW()-4,"") | H26: =IF($B26<>"","Muhammad Hafidz Ramadhan","") | J26: Jumat
A27: =IF($B27<>"",ROW()-4,"") | H27: =IF($B27<>"","Muhammad Hafidz Ramadhan","")
A28: =IF($B28<>"",ROW()-4,"") | H28: =IF($B28<>"","Muhammad Hafidz Ramadhan","")
A29: =IF($B29<>"",ROW()-4,"") | H29: =IF($B29<>"","Muhammad Hafidz Ramadhan","")
A30: =IF($B30<>"",ROW()-4,"") | H30: =IF($B30<>"","Muhammad Hafidz Ramadhan","")
A31: =IF($B31<>"",ROW()-4,"") | H31: =IF($B31<>"","Muhammad Hafidz Ramadhan","") | J31: Sabtu
A32: =IF($B32<>"",ROW()-4,"") | H32: =IF($B32<>"","Muhammad Hafidz Ramadhan","")
A33: =IF($B33<>"",ROW()-4,"") | H33: =IF($B33<>"","Muhammad Hafidz Ramadhan","")
A34: =IF($B34<>"",ROW()-4,"") | H34: =IF($B34<>"","Muhammad Hafidz Ramadhan","")
A35: =IF($B35<>"",ROW()-4,"") | H35: =IF($B35<>"","Muhammad Hafidz Ramadhan","")
A36: =IF($B36<>"",ROW()-4,"") | H36: =IF($B36<>"","Muhammad Hafidz Ramadhan","")
A37: =IF($B37<>"",ROW()-4,"") | H37: =IF($B37<>"","Muhammad Hafidz Ramadhan","")
A38: =IF($B38<>"",ROW()-4,"") | H38: =IF($B38<>"","Muhammad Hafidz Ramadhan","")
A39: =IF($B39<>"",ROW()-4,"") | H39: =IF($B39<>"","Muhammad Hafidz Ramadhan","")
A40: =IF($B40<>"",ROW()-4,"") | H40: =IF($B40<>"","Muhammad Hafidz Ramadhan","")
A41: =IF($B41<>"",ROW()-4,"") | H41: =IF($B41<>"","Muhammad Hafidz Ramadhan","") | J41: Minggu
A42: =IF($B42<>"",ROW()-4,"") | H42: =IF($B42<>"","Muhammad Hafidz Ramadhan","")
A43: =IF($B43<>"",ROW()-4,"") | H43: =IF($B43<>"","Muhammad Hafidz Ramadhan","")
A44: =IF($B44<>"",ROW()-4,"") | H44: =IF($B44<>"","Muhammad Hafidz Ramadhan","")
A45: =IF($B45<>"",ROW()-4,"") | H45: =IF($B45<>"","Muhammad Hafidz Ramadhan","")
A46: =IF($B46<>"",ROW()-4,"") | H46: =IF($B46<>"","Muhammad Hafidz Ramadhan","")
A47: =IF($B47<>"",ROW()-4,"") | H47: =IF($B47<>"","Muhammad Hafidz Ramadhan","")
A48: =IF($B48<>"",ROW()-4,"") | H48: =IF($B48<>"","Muhammad Hafidz Ramadhan","")
A49: =IF($B49<>"",ROW()-4,"") | H49: =IF($B49<>"","Muhammad Hafidz Ramadhan","")
A50: =IF($B50<>"",ROW()-4,"") | H50: =IF($B50<>"","Muhammad Hafidz Ramadhan","")
A51: =IF($B51<>"",ROW()-4,"") | H51: =IF($B51<>"","Muhammad Hafidz Ramadhan","")
A52: =IF($B52<>"",ROW()-4,"") | H52: =IF($B52<>"","Muhammad Hafidz Ramadhan","")
A53: =IF($B53<>"",ROW()-4,"") | H53: =IF($B53<>"","Muhammad Hafidz Ramadhan","")
A54: =IF($B54<>"",ROW()-4,"") | H54: =IF($B54<>"","Muhammad Hafidz Ramadhan","")

Sheet Muhammad Lutfhi Mubarrok
A1: TWENTY SWIM - LEVEL SISWA & JADWAL LATIHAN (BANDUNG)
A2: Pelatih: Muhammad Lutfhi Mubarrok | D2: Terisi: | E2: =COUNTA($B$5:$B$54) | F2: siswa
A3: Isi kolom putih. Kolom berwarna = dropdown, tinggal pilih. No & Coach terisi otomatis.
A4: No | B4: Nama Siswa | C4: Program/Kelas | D4: Level Saat Ini | E4: Status | F4: Risiko | G4: Sosialisasi Keselamatan ke Ortu | H4: Coach | J4: JADWAL LATIHAN (Senin-Jumat 5 baris, Sabtu-Minggu 10 baris)
A5: =IF($B5<>"",ROW()-4,"") | B5: Arsyad Abid’aliim Syahwitra | D5: Intermediate I | E5: Standalone | H5: =IF($B5<>"","Muhammad Lutfhi Mubarrok","") | J5: Hari | K5: Jam | L5: Nama Siswa | M5: Lokasi (wilayah) | N5: Kolam
A6: =IF($B6<>"",ROW()-4,"") | B6: Pramudaka Gunung Segara | D6: Preschool I | E6: Standalone | H6: =IF($B6<>"","Muhammad Lutfhi Mubarrok","") | J6: Senin
A7: =IF($B7<>"",ROW()-4,"") | B7: Arkha Hamizan Rafisqy | D7: Beginner I | E7: Standalone | H7: =IF($B7<>"","Muhammad Lutfhi Mubarrok","")
A8: =IF($B8<>"",ROW()-4,"") | B8: Jafin Dzaki Firdaus | D8: Beginner I | E8: Standalone | H8: =IF($B8<>"","Muhammad Lutfhi Mubarrok","")
A9: =IF($B9<>"",ROW()-4,"") | B9: Afnan Rifky Fahlevi | D9: Beginner I | E9: Standalone | H9: =IF($B9<>"","Muhammad Lutfhi Mubarrok","")
A10: =IF($B10<>"",ROW()-4,"") | B10: Ghassan Ahmad Gemilang | D10: Beginner I | E10: Standalone | H10: =IF($B10<>"","Muhammad Lutfhi Mubarrok","")
A11: =IF($B11<>"",ROW()-4,"") | B11: Galendra Aidan Gemilang | D11: Preschool I | E11: Standalone | H11: =IF($B11<>"","Muhammad Lutfhi Mubarrok","") | J11: Selasa
A12: =IF($B12<>"",ROW()-4,"") | H12: =IF($B12<>"","Muhammad Lutfhi Mubarrok","")
A13: =IF($B13<>"",ROW()-4,"") | H13: =IF($B13<>"","Muhammad Lutfhi Mubarrok","")
A14: =IF($B14<>"",ROW()-4,"") | H14: =IF($B14<>"","Muhammad Lutfhi Mubarrok","")
A15: =IF($B15<>"",ROW()-4,"") | H15: =IF($B15<>"","Muhammad Lutfhi Mubarrok","")
A16: =IF($B16<>"",ROW()-4,"") | H16: =IF($B16<>"","Muhammad Lutfhi Mubarrok","") | J16: Rabu
A17: =IF($B17<>"",ROW()-4,"") | H17: =IF($B17<>"","Muhammad Lutfhi Mubarrok","")
A18: =IF($B18<>"",ROW()-4,"") | H18: =IF($B18<>"","Muhammad Lutfhi Mubarrok","")
A19: =IF($B19<>"",ROW()-4,"") | H19: =IF($B19<>"","Muhammad Lutfhi Mubarrok","")
A20: =IF($B20<>"",ROW()-4,"") | H20: =IF($B20<>"","Muhammad Lutfhi Mubarrok","")
A21: =IF($B21<>"",ROW()-4,"") | H21: =IF($B21<>"","Muhammad Lutfhi Mubarrok","") | J21: Kamis
A22: =IF($B22<>"",ROW()-4,"") | H22: =IF($B22<>"","Muhammad Lutfhi Mubarrok","")
A23: =IF($B23<>"",ROW()-4,"") | H23: =IF($B23<>"","Muhammad Lutfhi Mubarrok","")
A24: =IF($B24<>"",ROW()-4,"") | H24: =IF($B24<>"","Muhammad Lutfhi Mubarrok","")
A25: =IF($B25<>"",ROW()-4,"") | H25: =IF($B25<>"","Muhammad Lutfhi Mubarrok","")
A26: =IF($B26<>"",ROW()-4,"") | H26: =IF($B26<>"","Muhammad Lutfhi Mubarrok","") | J26: Jumat
A27: =IF($B27<>"",ROW()-4,"") | H27: =IF($B27<>"","Muhammad Lutfhi Mubarrok","")
A28: =IF($B28<>"",ROW()-4,"") | H28: =IF($B28<>"","Muhammad Lutfhi Mubarrok","")
A29: =IF($B29<>"",ROW()-4,"") | H29: =IF($B29<>"","Muhammad Lutfhi Mubarrok","")
A30: =IF($B30<>"",ROW()-4,"") | H30: =IF($B30<>"","Muhammad Lutfhi Mubarrok","")
A31: =IF($B31<>"",ROW()-4,"") | H31: =IF($B31<>"","Muhammad Lutfhi Mubarrok","") | J31: Sabtu
A32: =IF($B32<>"",ROW()-4,"") | H32: =IF($B32<>"","Muhammad Lutfhi Mubarrok","")
A33: =IF($B33<>"",ROW()-4,"") | H33: =IF($B33<>"","Muhammad Lutfhi Mubarrok","")
A34: =IF($B34<>"",ROW()-4,"") | H34: =IF($B34<>"","Muhammad Lutfhi Mubarrok","")
A35: =IF($B35<>"",ROW()-4,"") | H35: =IF($B35<>"","Muhammad Lutfhi Mubarrok","")
A36: =IF($B36<>"",ROW()-4,"") | H36: =IF($B36<>"","Muhammad Lutfhi Mubarrok","")
A37: =IF($B37<>"",ROW()-4,"") | H37: =IF($B37<>"","Muhammad Lutfhi Mubarrok","")
A38: =IF($B38<>"",ROW()-4,"") | H38: =IF($B38<>"","Muhammad Lutfhi Mubarrok","")
A39: =IF($B39<>"",ROW()-4,"") | H39: =IF($B39<>"","Muhammad Lutfhi Mubarrok","")
A40: =IF($B40<>"",ROW()-4,"") | H40: =IF($B40<>"","Muhammad Lutfhi Mubarrok","")
A41: =IF($B41<>"",ROW()-4,"") | H41: =IF($B41<>"","Muhammad Lutfhi Mubarrok","") | J41: Minggu
A42: =IF($B42<>"",ROW()-4,"") | H42: =IF($B42<>"","Muhammad Lutfhi Mubarrok","")
A43: =IF($B43<>"",ROW()-4,"") | H43: =IF($B43<>"","Muhammad Lutfhi Mubarrok","")
A44: =IF($B44<>"",ROW()-4,"") | H44: =IF($B44<>"","Muhammad Lutfhi Mubarrok","")
A45: =IF($B45<>"",ROW()-4,"") | H45: =IF($B45<>"","Muhammad Lutfhi Mubarrok","")
A46: =IF($B46<>"",ROW()-4,"") | H46: =IF($B46<>"","Muhammad Lutfhi Mubarrok","")
A47: =IF($B47<>"",ROW()-4,"") | H47: =IF($B47<>"","Muhammad Lutfhi Mubarrok","")
A48: =IF($B48<>"",ROW()-4,"") | H48: =IF($B48<>"","Muhammad Lutfhi Mubarrok","")
A49: =IF($B49<>"",ROW()-4,"") | H49: =IF($B49<>"","Muhammad Lutfhi Mubarrok","")
A50: =IF($B50<>"",ROW()-4,"") | H50: =IF($B50<>"","Muhammad Lutfhi Mubarrok","")
A51: =IF($B51<>"",ROW()-4,"") | H51: =IF($B51<>"","Muhammad Lutfhi Mubarrok","")
A52: =IF($B52<>"",ROW()-4,"") | H52: =IF($B52<>"","Muhammad Lutfhi Mubarrok","")
A53: =IF($B53<>"",ROW()-4,"") | H53: =IF($B53<>"","Muhammad Lutfhi Mubarrok","")
A54: =IF($B54<>"",ROW()-4,"") | H54: =IF($B54<>"","Muhammad Lutfhi Mubarrok","")

Sheet Muhammad Nadhira Shafar
A1: TWENTY SWIM - LEVEL SISWA & JADWAL LATIHAN (BANDUNG)
A2: Pelatih: Muhammad Nadhira Shafar | D2: Terisi: | E2: =COUNTA($B$5:$B$54) | F2: siswa
A3: Isi kolom putih. Kolom berwarna = dropdown, tinggal pilih. No & Coach terisi otomatis.
A4: No | B4: Nama Siswa | C4: Program/Kelas | D4: Level Saat Ini | E4: Status | F4: Risiko | G4: Sosialisasi Keselamatan ke Ortu | H4: Coach | J4: JADWAL LATIHAN (Senin-Jumat 5 baris, Sabtu-Minggu 10 baris)
A5: =IF($B5<>"",ROW()-4,"") | B5: Athariz Raditya Khalfani | D5: Beginner II | E5: Standalone | H5: =IF($B5<>"","Muhammad Nadhira Shafar","") | J5: Hari | K5: Jam | L5: Nama Siswa | M5: Lokasi (wilayah) | N5: Kolam
A6: =IF($B6<>"",ROW()-4,"") | B6: Anggita Rania Faranisa | D6: Beginner II | E6: Standalone | H6: =IF($B6<>"","Muhammad Nadhira Shafar","") | J6: Senin
A7: =IF($B7<>"",ROW()-4,"") | B7: Arsyila Quina Sumirat | D7: Beginner II | E7: Standalone | H7: =IF($B7<>"","Muhammad Nadhira Shafar","")
A8: =IF($B8<>"",ROW()-4,"") | B8: Btary Assyifa Khairunnisa Putri Sugiharto | D8: Beginner II | E8: Standalone | H8: =IF($B8<>"","Muhammad Nadhira Shafar","")
A9: =IF($B9<>"",ROW()-4,"") | B9: Jeon Yehyeong | D9: Beginner II | E9: PA | H9: =IF($B9<>"","Muhammad Nadhira Shafar","")
A10: =IF($B10<>"",ROW()-4,"") | B10: Jeon Yeseong | D10: Beginner I | E10: PA | H10: =IF($B10<>"","Muhammad Nadhira Shafar","")
A11: =IF($B11<>"",ROW()-4,"") | B11: M Gibran Athanolan | D11: Beginner II | E11: Standalone | H11: =IF($B11<>"","Muhammad Nadhira Shafar","") | J11: Selasa
A12: =IF($B12<>"",ROW()-4,"") | B12: M Gian Arfanolan | D12: Beginner I | E12: PA | H12: =IF($B12<>"","Muhammad Nadhira Shafar","")
A13: =IF($B13<>"",ROW()-4,"") | B13: Abrisam Prakasa Sumirat | D13: Aquatike II | E13: Standalone | H13: =IF($B13<>"","Muhammad Nadhira Shafar","")
A14: =IF($B14<>"",ROW()-4,"") | B14: Kyan Braddo Atharazka Adraga | D14: Aquatike I | E14: PA | H14: =IF($B14<>"","Muhammad Nadhira Shafar","")
A15: =IF($B15<>"",ROW()-4,"") | H15: =IF($B15<>"","Muhammad Nadhira Shafar","")
A16: =IF($B16<>"",ROW()-4,"") | H16: =IF($B16<>"","Muhammad Nadhira Shafar","") | J16: Rabu
A17: =IF($B17<>"",ROW()-4,"") | H17: =IF($B17<>"","Muhammad Nadhira Shafar","")
A18: =IF($B18<>"",ROW()-4,"") | H18: =IF($B18<>"","Muhammad Nadhira Shafar","")
A19: =IF($B19<>"",ROW()-4,"") | H19: =IF($B19<>"","Muhammad Nadhira Shafar","")
A20: =IF($B20<>"",ROW()-4,"") | H20: =IF($B20<>"","Muhammad Nadhira Shafar","")
A21: =IF($B21<>"",ROW()-4,"") | H21: =IF($B21<>"","Muhammad Nadhira Shafar","") | J21: Kamis
A22: =IF($B22<>"",ROW()-4,"") | H22: =IF($B22<>"","Muhammad Nadhira Shafar","")
A23: =IF($B23<>"",ROW()-4,"") | H23: =IF($B23<>"","Muhammad Nadhira Shafar","")
A24: =IF($B24<>"",ROW()-4,"") | H24: =IF($B24<>"","Muhammad Nadhira Shafar","")
A25: =IF($B25<>"",ROW()-4,"") | H25: =IF($B25<>"","Muhammad Nadhira Shafar","")
A26: =IF($B26<>"",ROW()-4,"") | H26: =IF($B26<>"","Muhammad Nadhira Shafar","") | J26: Jumat
A27: =IF($B27<>"",ROW()-4,"") | H27: =IF($B27<>"","Muhammad Nadhira Shafar","")
A28: =IF($B28<>"",ROW()-4,"") | H28: =IF($B28<>"","Muhammad Nadhira Shafar","")
A29: =IF($B29<>"",ROW()-4,"") | H29: =IF($B29<>"","Muhammad Nadhira Shafar","")
A30: =IF($B30<>"",ROW()-4,"") | H30: =IF($B30<>"","Muhammad Nadhira Shafar","")
A31: =IF($B31<>"",ROW()-4,"") | H31: =IF($B31<>"","Muhammad Nadhira Shafar","") | J31: Sabtu
A32: =IF($B32<>"",ROW()-4,"") | H32: =IF($B32<>"","Muhammad Nadhira Shafar","")
A33: =IF($B33<>"",ROW()-4,"") | H33: =IF($B33<>"","Muhammad Nadhira Shafar","")
A34: =IF($B34<>"",ROW()-4,"") | H34: =IF($B34<>"","Muhammad Nadhira Shafar","")
A35: =IF($B35<>"",ROW()-4,"") | H35: =IF($B35<>"","Muhammad Nadhira Shafar","")
A36: =IF($B36<>"",ROW()-4,"") | H36: =IF($B36<>"","Muhammad Nadhira Shafar","")
A37: =IF($B37<>"",ROW()-4,"") | H37: =IF($B37<>"","Muhammad Nadhira Shafar","")
A38: =IF($B38<>"",ROW()-4,"") | H38: =IF($B38<>"","Muhammad Nadhira Shafar","")
A39: =IF($B39<>"",ROW()-4,"") | H39: =IF($B39<>"","Muhammad Nadhira Shafar","")
A40: =IF($B40<>"",ROW()-4,"") | H40: =IF($B40<>"","Muhammad Nadhira Shafar","")
A41: =IF($B41<>"",ROW()-4,"") | H41: =IF($B41<>"","Muhammad Nadhira Shafar","") | J41: Minggu
A42: =IF($B42<>"",ROW()-4,"") | H42: =IF($B42<>"","Muhammad Nadhira Shafar","")
A43: =IF($B43<>"",ROW()-4,"") | H43: =IF($B43<>"","Muhammad Nadhira Shafar","")
A44: =IF($B44<>"",ROW()-4,"") | H44: =IF($B44<>"","Muhammad Nadhira Shafar","")
A45: =IF($B45<>"",ROW()-4,"") | H45: =IF($B45<>"","Muhammad Nadhira Shafar","")
A46: =IF($B46<>"",ROW()-4,"") | H46: =IF($B46<>"","Muhammad Nadhira Shafar","")
A47: =IF($B47<>"",ROW()-4,"") | H47: =IF($B47<>"","Muhammad Nadhira Shafar","")
A48: =IF($B48<>"",ROW()-4,"") | H48: =IF($B48<>"","Muhammad Nadhira Shafar","")
A49: =IF($B49<>"",ROW()-4,"") | H49: =IF($B49<>"","Muhammad Nadhira Shafar","")
A50: =IF($B50<>"",ROW()-4,"") | H50: =IF($B50<>"","Muhammad Nadhira Shafar","")
A51: =IF($B51<>"",ROW()-4,"") | H51: =IF($B51<>"","Muhammad Nadhira Shafar","")
A52: =IF($B52<>"",ROW()-4,"") | H52: =IF($B52<>"","Muhammad Nadhira Shafar","")
A53: =IF($B53<>"",ROW()-4,"") | H53: =IF($B53<>"","Muhammad Nadhira Shafar","")
A54: =IF($B54<>"",ROW()-4,"") | H54: =IF($B54<>"","Muhammad Nadhira Shafar","")

Sheet Muhammad Rafi Fakhrul Aiman
A1: TWENTY SWIM - LEVEL SISWA & JADWAL LATIHAN (BANDUNG)
A2: Pelatih: Muhammad Rafi Fakhrul Aiman | D2: Terisi: | E2: =COUNTA($B$5:$B$54) | F2: siswa
A3: Isi kolom putih. Kolom berwarna = dropdown, tinggal pilih. No & Coach terisi otomatis.
A4: No | B4: Nama Siswa | C4: Program/Kelas | D4: Level Saat Ini | E4: Status | F4: Risiko | G4: Sosialisasi Keselamatan ke Ortu | H4: Coach | J4: JADWAL LATIHAN (Senin-Jumat 5 baris, Sabtu-Minggu 10 baris)
A5: =IF($B5<>"",ROW()-4,"") | B5: Lukman Achmad Jaelani | D5: Swim Team Prep | E5: Standalone | H5: =IF($B5<>"","Muhammad Rafi Fakhrul Aiman","") | J5: Hari | K5: Jam | L5: Nama Siswa | M5: Lokasi (wilayah) | N5: Kolam
A6: =IF($B6<>"",ROW()-4,"") | B6: Kal Dhia Samudra | D6: Swim Team Prep | E6: Standalone | H6: =IF($B6<>"","Muhammad Rafi Fakhrul Aiman","") | J6: Senin
A7: =IF($B7<>"",ROW()-4,"") | B7: Fadhiil Fauzaan Musyaffa | D7: Swim Team Prep | E7: Standalone | H7: =IF($B7<>"","Muhammad Rafi Fakhrul Aiman","")
A8: =IF($B8<>"",ROW()-4,"") | B8: Kenzo Zayn Mahendra | D8: Beginner I | E8: Standalone | H8: =IF($B8<>"","Muhammad Rafi Fakhrul Aiman","")
A9: =IF($B9<>"",ROW()-4,"") | B9: Shakiel Abdillah Khalfani | D9: Beginner I | E9: Standalone | H9: =IF($B9<>"","Muhammad Rafi Fakhrul Aiman","")
A10: =IF($B10<>"",ROW()-4,"") | B10: Muhammad Zhafran Ramdhan | D10: Beginner III | E10: Standalone | H10: =IF($B10<>"","Muhammad Rafi Fakhrul Aiman","")
A11: =IF($B11<>"",ROW()-4,"") | B11: Muhammad Rasya Arruffy | D11: Beginner I | E11: Standalone | H11: =IF($B11<>"","Muhammad Rafi Fakhrul Aiman","") | J11: Selasa
A12: =IF($B12<>"",ROW()-4,"") | B12: Muhammad Raysan Azziandru | D12: Beginner I | E12: Standalone | H12: =IF($B12<>"","Muhammad Rafi Fakhrul Aiman","")
A13: =IF($B13<>"",ROW()-4,"") | B13: Muhammad Ravinzo Arrayyan | D13: Beginner I | E13: Standalone | H13: =IF($B13<>"","Muhammad Rafi Fakhrul Aiman","")
A14: =IF($B14<>"",ROW()-4,"") | B14: Nevan Zaheed Abrizan | D14: Beginner I | E14: Standalone | H14: =IF($B14<>"","Muhammad Rafi Fakhrul Aiman","")
A15: =IF($B15<>"",ROW()-4,"") | B15: Raffasya Alfarezel Bramantyo | D15: Beginner II | E15: Standalone | H15: =IF($B15<>"","Muhammad Rafi Fakhrul Aiman","")
A16: =IF($B16<>"",ROW()-4,"") | B16: Athazaky Arkhairan | D16: Beginner I | E16: Standalone | H16: =IF($B16<>"","Muhammad Rafi Fakhrul Aiman","") | J16: Rabu
A17: =IF($B17<>"",ROW()-4,"") | B17: Sheryl Vinyl Audry | D17: Beginner I | E17: Standalone | H17: =IF($B17<>"","Muhammad Rafi Fakhrul Aiman","")
A18: =IF($B18<>"",ROW()-4,"") | B18: Rania Putri Firna | D18: Beginner I | E18: Standalone | H18: =IF($B18<>"","Muhammad Rafi Fakhrul Aiman","")
A19: =IF($B19<>"",ROW()-4,"") | B19: Rizki Muhammad Abdullah | D19: Beginner I | E19: Standalone | H19: =IF($B19<>"","Muhammad Rafi Fakhrul Aiman","")
A20: =IF($B20<>"",ROW()-4,"") | B20: Armana Syahmigea R | D20: Intermediate I | E20: Standalone | H20: =IF($B20<>"","Muhammad Rafi Fakhrul Aiman","")
A21: =IF($B21<>"",ROW()-4,"") | B21: Zaidan Dhafin Irawan | D21: Intermediate I | E21: Standalone | H21: =IF($B21<>"","Muhammad Rafi Fakhrul Aiman","") | J21: Kamis
A22: =IF($B22<>"",ROW()-4,"") | B22: Christian Putra Immanuel Riyanto | D22: Beginner I | E22: Standalone | H22: =IF($B22<>"","Muhammad Rafi Fakhrul Aiman","")
A23: =IF($B23<>"",ROW()-4,"") | B23: Armanatha Gibran | D23: Beginner III | E23: Standalone | H23: =IF($B23<>"","Muhammad Rafi Fakhrul Aiman","")
A24: =IF($B24<>"",ROW()-4,"") | B24: Adnan Yazid Munirulhaddadi | D24: Preschool I | E24: Standalone | H24: =IF($B24<>"","Muhammad Rafi Fakhrul Aiman","")
A25: =IF($B25<>"",ROW()-4,"") | B25: Athaya Zaky Munirulhaddadi | D25: Beginner I | E25: Standalone | H25: =IF($B25<>"","Muhammad Rafi Fakhrul Aiman","")
A26: =IF($B26<>"",ROW()-4,"") | B26: Damar Arshaq Zulfar | D26: Beginner I | E26: Standalone | H26: =IF($B26<>"","Muhammad Rafi Fakhrul Aiman","") | J26: Jumat
A27: =IF($B27<>"",ROW()-4,"") | B27: Daris Rashid Faheem | D27: Beginner I | E27: Standalone | H27: =IF($B27<>"","Muhammad Rafi Fakhrul Aiman","")
A28: =IF($B28<>"",ROW()-4,"") | H28: =IF($B28<>"","Muhammad Rafi Fakhrul Aiman","")
A29: =IF($B29<>"",ROW()-4,"") | H29: =IF($B29<>"","Muhammad Rafi Fakhrul Aiman","")
A30: =IF($B30<>"",ROW()-4,"") | H30: =IF($B30<>"","Muhammad Rafi Fakhrul Aiman","")
A31: =IF($B31<>"",ROW()-4,"") | H31: =IF($B31<>"","Muhammad Rafi Fakhrul Aiman","") | J31: Sabtu
A32: =IF($B32<>"",ROW()-4,"") | H32: =IF($B32<>"","Muhammad Rafi Fakhrul Aiman","")
A33: =IF($B33<>"",ROW()-4,"") | H33: =IF($B33<>"","Muhammad Rafi Fakhrul Aiman","")
A34: =IF($B34<>"",ROW()-4,"") | H34: =IF($B34<>"","Muhammad Rafi Fakhrul Aiman","")
A35: =IF($B35<>"",ROW()-4,"") | H35: =IF($B35<>"","Muhammad Rafi Fakhrul Aiman","")
A36: =IF($B36<>"",ROW()-4,"") | H36: =IF($B36<>"","Muhammad Rafi Fakhrul Aiman","")
A37: =IF($B37<>"",ROW()-4,"") | H37: =IF($B37<>"","Muhammad Rafi Fakhrul Aiman","")
A38: =IF($B38<>"",ROW()-4,"") | H38: =IF($B38<>"","Muhammad Rafi Fakhrul Aiman","")
A39: =IF($B39<>"",ROW()-4,"") | H39: =IF($B39<>"","Muhammad Rafi Fakhrul Aiman","")
A40: =IF($B40<>"",ROW()-4,"") | H40: =IF($B40<>"","Muhammad Rafi Fakhrul Aiman","")
A41: =IF($B41<>"",ROW()-4,"") | H41: =IF($B41<>"","Muhammad Rafi Fakhrul Aiman","") | J41: Minggu
A42: =IF($B42<>"",ROW()-4,"") | H42: =IF($B42<>"","Muhammad Rafi Fakhrul Aiman","")
A43: =IF($B43<>"",ROW()-4,"") | H43: =IF($B43<>"","Muhammad Rafi Fakhrul Aiman","")
A44: =IF($B44<>"",ROW()-4,"") | H44: =IF($B44<>"","Muhammad Rafi Fakhrul Aiman","")
A45: =IF($B45<>"",ROW()-4,"") | H45: =IF($B45<>"","Muhammad Rafi Fakhrul Aiman","")
A46: =IF($B46<>"",ROW()-4,"") | H46: =IF($B46<>"","Muhammad Rafi Fakhrul Aiman","")
A47: =IF($B47<>"",ROW()-4,"") | H47: =IF($B47<>"","Muhammad Rafi Fakhrul Aiman","")
A48: =IF($B48<>"",ROW()-4,"") | H48: =IF($B48<>"","Muhammad Rafi Fakhrul Aiman","")
A49: =IF($B49<>"",ROW()-4,"") | H49: =IF($B49<>"","Muhammad Rafi Fakhrul Aiman","")
A50: =IF($B50<>"",ROW()-4,"") | H50: =IF($B50<>"","Muhammad Rafi Fakhrul Aiman","")
A51: =IF($B51<>"",ROW()-4,"") | H51: =IF($B51<>"","Muhammad Rafi Fakhrul Aiman","")
A52: =IF($B52<>"",ROW()-4,"") | H52: =IF($B52<>"","Muhammad Rafi Fakhrul Aiman","")
A53: =IF($B53<>"",ROW()-4,"") | H53: =IF($B53<>"","Muhammad Rafi Fakhrul Aiman","")
A54: =IF($B54<>"",ROW()-4,"") | H54: =IF($B54<>"","Muhammad Rafi Fakhrul Aiman","")

Sheet Muhammad Reyvin Aryaguna
A1: TWENTY SWIM - LEVEL SISWA & JADWAL LATIHAN (BANDUNG)
A2: Pelatih: Muhammad Reyvin Aryaguna | D2: Terisi: | E2: =COUNTA($B$5:$B$54) | F2: siswa
A3: Isi kolom putih. Kolom berwarna = dropdown, tinggal pilih. No & Coach terisi otomatis.
A4: No | B4: Nama Siswa | C4: Program/Kelas | D4: Level Saat Ini | E4: Status | F4: Risiko | G4: Sosialisasi Keselamatan ke Ortu | H4: Coach | J4: JADWAL LATIHAN (Senin-Jumat 5 baris, Sabtu-Minggu 10 baris)
A5: =IF($B5<>"",ROW()-4,"") | B5: tristan afkari asyahwar | D5: Beginner III | E5: Standalone | H5: =IF($B5<>"","Muhammad Reyvin Aryaguna","") | J5: Hari | K5: Jam | L5: Nama Siswa | M5: Lokasi (wilayah) | N5: Kolam
A6: =IF($B6<>"",ROW()-4,"") | B6: prabu gandhi nugroho | D6: Beginner III | E6: Standalone | H6: =IF($B6<>"","Muhammad Reyvin Aryaguna","") | J6: Senin
A7: =IF($B7<>"",ROW()-4,"") | B7: Meydiara mafanza | D7: Beginner III | E7: Standalone | H7: =IF($B7<>"","Muhammad Reyvin Aryaguna","")
A8: =IF($B8<>"",ROW()-4,"") | H8: =IF($B8<>"","Muhammad Reyvin Aryaguna","")
A9: =IF($B9<>"",ROW()-4,"") | H9: =IF($B9<>"","Muhammad Reyvin Aryaguna","")
A10: =IF($B10<>"",ROW()-4,"") | H10: =IF($B10<>"","Muhammad Reyvin Aryaguna","")
A11: =IF($B11<>"",ROW()-4,"") | H11: =IF($B11<>"","Muhammad Reyvin Aryaguna","") | J11: Selasa
A12: =IF($B12<>"",ROW()-4,"") | H12: =IF($B12<>"","Muhammad Reyvin Aryaguna","")
A13: =IF($B13<>"",ROW()-4,"") | H13: =IF($B13<>"","Muhammad Reyvin Aryaguna","")
A14: =IF($B14<>"",ROW()-4,"") | H14: =IF($B14<>"","Muhammad Reyvin Aryaguna","")
A15: =IF($B15<>"",ROW()-4,"") | H15: =IF($B15<>"","Muhammad Reyvin Aryaguna","")
A16: =IF($B16<>"",ROW()-4,"") | H16: =IF($B16<>"","Muhammad Reyvin Aryaguna","") | J16: Rabu
A17: =IF($B17<>"",ROW()-4,"") | H17: =IF($B17<>"","Muhammad Reyvin Aryaguna","")
A18: =IF($B18<>"",ROW()-4,"") | H18: =IF($B18<>"","Muhammad Reyvin Aryaguna","")
A19: =IF($B19<>"",ROW()-4,"") | H19: =IF($B19<>"","Muhammad Reyvin Aryaguna","")
A20: =IF($B20<>"",ROW()-4,"") | H20: =IF($B20<>"","Muhammad Reyvin Aryaguna","")
A21: =IF($B21<>"",ROW()-4,"") | H21: =IF($B21<>"","Muhammad Reyvin Aryaguna","") | J21: Kamis
A22: =IF($B22<>"",ROW()-4,"") | H22: =IF($B22<>"","Muhammad Reyvin Aryaguna","")
A23: =IF($B23<>"",ROW()-4,"") | H23: =IF($B23<>"","Muhammad Reyvin Aryaguna","")
A24: =IF($B24<>"",ROW()-4,"") | H24: =IF($B24<>"","Muhammad Reyvin Aryaguna","")
A25: =IF($B25<>"",ROW()-4,"") | H25: =IF($B25<>"","Muhammad Reyvin Aryaguna","")
A26: =IF($B26<>"",ROW()-4,"") | H26: =IF($B26<>"","Muhammad Reyvin Aryaguna","") | J26: Jumat
A27: =IF($B27<>"",ROW()-4,"") | H27: =IF($B27<>"","Muhammad Reyvin Aryaguna","")
A28: =IF($B28<>"",ROW()-4,"") | H28: =IF($B28<>"","Muhammad Reyvin Aryaguna","")
A29: =IF($B29<>"",ROW()-4,"") | H29: =IF($B29<>"","Muhammad Reyvin Aryaguna","")
A30: =IF($B30<>"",ROW()-4,"") | H30: =IF($B30<>"","Muhammad Reyvin Aryaguna","")
A31: =IF($B31<>"",ROW()-4,"") | H31: =IF($B31<>"","Muhammad Reyvin Aryaguna","") | J31: Sabtu
A32: =IF($B32<>"",ROW()-4,"") | H32: =IF($B32<>"","Muhammad Reyvin Aryaguna","")
A33: =IF($B33<>"",ROW()-4,"") | H33: =IF($B33<>"","Muhammad Reyvin Aryaguna","")
A34: =IF($B34<>"",ROW()-4,"") | H34: =IF($B34<>"","Muhammad Reyvin Aryaguna","")
A35: =IF($B35<>"",ROW()-4,"") | H35: =IF($B35<>"","Muhammad Reyvin Aryaguna","")
A36: =IF($B36<>"",ROW()-4,"") | H36: =IF($B36<>"","Muhammad Reyvin Aryaguna","")
A37: =IF($B37<>"",ROW()-4,"") | H37: =IF($B37<>"","Muhammad Reyvin Aryaguna","")
A38: =IF($B38<>"",ROW()-4,"") | H38: =IF($B38<>"","Muhammad Reyvin Aryaguna","")
A39: =IF($B39<>"",ROW()-4,"") | H39: =IF($B39<>"","Muhammad Reyvin Aryaguna","")
A40: =IF($B40<>"",ROW()-4,"") | H40: =IF($B40<>"","Muhammad Reyvin Aryaguna","")
A41: =IF($B41<>"",ROW()-4,"") | H41: =IF($B41<>"","Muhammad Reyvin Aryaguna","") | J41: Minggu
A42: =IF($B42<>"",ROW()-4,"") | H42: =IF($B42<>"","Muhammad Reyvin Aryaguna","")
A43: =IF($B43<>"",ROW()-4,"") | H43: =IF($B43<>"","Muhammad Reyvin Aryaguna","")
A44: =IF($B44<>"",ROW()-4,"") | H44: =IF($B44<>"","Muhammad Reyvin Aryaguna","")
A45: =IF($B45<>"",ROW()-4,"") | H45: =IF($B45<>"","Muhammad Reyvin Aryaguna","")
A46: =IF($B46<>"",ROW()-4,"") | H46: =IF($B46<>"","Muhammad Reyvin Aryaguna","")
A47: =IF($B47<>"",ROW()-4,"") | H47: =IF($B47<>"","Muhammad Reyvin Aryaguna","")
A48: =IF($B48<>"",ROW()-4,"") | H48: =IF($B48<>"","Muhammad Reyvin Aryaguna","")
A49: =IF($B49<>"",ROW()-4,"") | H49: =IF($B49<>"","Muhammad Reyvin Aryaguna","")
A50: =IF($B50<>"",ROW()-4,"") | H50: =IF($B50<>"","Muhammad Reyvin Aryaguna","")
A51: =IF($B51<>"",ROW()-4,"") | H51: =IF($B51<>"","Muhammad Reyvin Aryaguna","")
A52: =IF($B52<>"",ROW()-4,"") | H52: =IF($B52<>"","Muhammad Reyvin Aryaguna","")
A53: =IF($B53<>"",ROW()-4,"") | H53: =IF($B53<>"","Muhammad Reyvin Aryaguna","")
A54: =IF($B54<>"",ROW()-4,"") | H54: =IF($B54<>"","Muhammad Reyvin Aryaguna","")

Sheet Nadzar Akbar Subagja
A1: TWENTY SWIM - LEVEL SISWA & JADWAL LATIHAN (BANDUNG)
A2: Pelatih: Nadzar Akbar Subagja | D2: Terisi: | E2: =COUNTA($B$5:$B$54) | F2: siswa
A3: Isi kolom putih. Kolom berwarna = dropdown, tinggal pilih. No & Coach terisi otomatis.
A4: No | B4: Nama Siswa | C4: Program/Kelas | D4: Level Saat Ini | E4: Status | F4: Risiko | G4: Sosialisasi Keselamatan ke Ortu | H4: Coach | J4: JADWAL LATIHAN (Senin-Jumat 5 baris, Sabtu-Minggu 10 baris)
A5: =IF($B5<>"",ROW()-4,"") | B5: Rakhsyan Fadil Pratama | D5: Beginner I | E5: Standalone | H5: =IF($B5<>"","Nadzar Akbar Subagja","") | J5: Hari | K5: Jam | L5: Nama Siswa | M5: Lokasi (wilayah) | N5: Kolam
A6: =IF($B6<>"",ROW()-4,"") | B6: Khairan Emran Abqary | D6: Aquatike I | E6: Standalone | H6: =IF($B6<>"","Nadzar Akbar Subagja","") | J6: Senin
A7: =IF($B7<>"",ROW()-4,"") | B7: Thorfin Gamma Brancilia | D7: Beginner I | E7: Standalone | H7: =IF($B7<>"","Nadzar Akbar Subagja","")
A8: =IF($B8<>"",ROW()-4,"") | B8: Valeryan Aldevaro | D8: Beginner I | E8: Standalone | H8: =IF($B8<>"","Nadzar Akbar Subagja","")
A9: =IF($B9<>"",ROW()-4,"") | B9: Elzein Alrafasya Noristian | D9: Aquatike I | E9: Standalone | H9: =IF($B9<>"","Nadzar Akbar Subagja","")
A10: =IF($B10<>"",ROW()-4,"") | B10: Hafidza Zaina Salsabila | D10: Beginner I | E10: Standalone | H10: =IF($B10<>"","Nadzar Akbar Subagja","")
A11: =IF($B11<>"",ROW()-4,"") | B11: Rafardan (SWIM THERAPY) | C11: Hydrotherapy Class | H11: =IF($B11<>"","Nadzar Akbar Subagja","") | J11: Selasa
A12: =IF($B12<>"",ROW()-4,"") | B12: Seon Zynatan (SWIM THERAPY) | C12: Hydrotherapy Class | H12: =IF($B12<>"","Nadzar Akbar Subagja","")
A13: =IF($B13<>"",ROW()-4,"") | B13: Albirru (SWIM THERAPY) | C13: Hydrotherapy Class | H13: =IF($B13<>"","Nadzar Akbar Subagja","")
A14: =IF($B14<>"",ROW()-4,"") | B14: Mochamad Dzaky Syah Ahlam (SWIM THERAPY) | C14: Hydrotherapy Class | H14: =IF($B14<>"","Nadzar Akbar Subagja","")
A15: =IF($B15<>"",ROW()-4,"") | B15: Jonam (SWIM THERAPY) | C15: Hydrotherapy Class | H15: =IF($B15<>"","Nadzar Akbar Subagja","")
A16: =IF($B16<>"",ROW()-4,"") | B16: Alfath Zidna (SWIM THERAPY) | C16: Hydrotherapy Class | H16: =IF($B16<>"","Nadzar Akbar Subagja","") | J16: Rabu
A17: =IF($B17<>"",ROW()-4,"") | B17: Raihan Putra Handayana (SWIM THERAPY) | C17: Hydrotherapy Class | H17: =IF($B17<>"","Nadzar Akbar Subagja","")
A18: =IF($B18<>"",ROW()-4,"") | B18: Mahiko Putra Divie (SWIM THERAPY) | C18: Hydrotherapy Class | H18: =IF($B18<>"","Nadzar Akbar Subagja","")
A19: =IF($B19<>"",ROW()-4,"") | B19: Bara (SWIM THERAPY) | C19: Hydrotherapy Class | H19: =IF($B19<>"","Nadzar Akbar Subagja","")
A20: =IF($B20<>"",ROW()-4,"") | B20: Pak Ridwan | H20: =IF($B20<>"","Nadzar Akbar Subagja","")
A21: =IF($B21<>"",ROW()-4,"") | H21: =IF($B21<>"","Nadzar Akbar Subagja","") | J21: Kamis
A22: =IF($B22<>"",ROW()-4,"") | H22: =IF($B22<>"","Nadzar Akbar Subagja","")
A23: =IF($B23<>"",ROW()-4,"") | H23: =IF($B23<>"","Nadzar Akbar Subagja","")
A24: =IF($B24<>"",ROW()-4,"") | H24: =IF($B24<>"","Nadzar Akbar Subagja","")
A25: =IF($B25<>"",ROW()-4,"") | H25: =IF($B25<>"","Nadzar Akbar Subagja","")
A26: =IF($B26<>"",ROW()-4,"") | H26: =IF($B26<>"","Nadzar Akbar Subagja","") | J26: Jumat
A27: =IF($B27<>"",ROW()-4,"") | H27: =IF($B27<>"","Nadzar Akbar Subagja","")
A28: =IF($B28<>"",ROW()-4,"") | H28: =IF($B28<>"","Nadzar Akbar Subagja","")
A29: =IF($B29<>"",ROW()-4,"") | H29: =IF($B29<>"","Nadzar Akbar Subagja","")
A30: =IF($B30<>"",ROW()-4,"") | H30: =IF($B30<>"","Nadzar Akbar Subagja","")
A31: =IF($B31<>"",ROW()-4,"") | H31: =IF($B31<>"","Nadzar Akbar Subagja","") | J31: Sabtu
A32: =IF($B32<>"",ROW()-4,"") | H32: =IF($B32<>"","Nadzar Akbar Subagja","")
A33: =IF($B33<>"",ROW()-4,"") | H33: =IF($B33<>"","Nadzar Akbar Subagja","")
A34: =IF($B34<>"",ROW()-4,"") | H34: =IF($B34<>"","Nadzar Akbar Subagja","")
A35: =IF($B35<>"",ROW()-4,"") | H35: =IF($B35<>"","Nadzar Akbar Subagja","")
A36: =IF($B36<>"",ROW()-4,"") | H36: =IF($B36<>"","Nadzar Akbar Subagja","")
A37: =IF($B37<>"",ROW()-4,"") | H37: =IF($B37<>"","Nadzar Akbar Subagja","")
A38: =IF($B38<>"",ROW()-4,"") | H38: =IF($B38<>"","Nadzar Akbar Subagja","")
A39: =IF($B39<>"",ROW()-4,"") | H39: =IF($B39<>"","Nadzar Akbar Subagja","")
A40: =IF($B40<>"",ROW()-4,"") | H40: =IF($B40<>"","Nadzar Akbar Subagja","")
A41: =IF($B41<>"",ROW()-4,"") | H41: =IF($B41<>"","Nadzar Akbar Subagja","") | J41: Minggu
A42: =IF($B42<>"",ROW()-4,"") | H42: =IF($B42<>"","Nadzar Akbar Subagja","")
A43: =IF($B43<>"",ROW()-4,"") | H43: =IF($B43<>"","Nadzar Akbar Subagja","")
A44: =IF($B44<>"",ROW()-4,"") | H44: =IF($B44<>"","Nadzar Akbar Subagja","")
A45: =IF($B45<>"",ROW()-4,"") | H45: =IF($B45<>"","Nadzar Akbar Subagja","")
A46: =IF($B46<>"",ROW()-4,"") | H46: =IF($B46<>"","Nadzar Akbar Subagja","")
A47: =IF($B47<>"",ROW()-4,"") | H47: =IF($B47<>"","Nadzar Akbar Subagja","")
A48: =IF($B48<>"",ROW()-4,"") | H48: =IF($B48<>"","Nadzar Akbar Subagja","")
A49: =IF($B49<>"",ROW()-4,"") | H49: =IF($B49<>"","Nadzar Akbar Subagja","")
A50: =IF($B50<>"",ROW()-4,"") | H50: =IF($B50<>"","Nadzar Akbar Subagja","")
A51: =IF($B51<>"",ROW()-4,"") | H51: =IF($B51<>"","Nadzar Akbar Subagja","")
A52: =IF($B52<>"",ROW()-4,"") | H52: =IF($B52<>"","Nadzar Akbar Subagja","")
A53: =IF($B53<>"",ROW()-4,"") | H53: =IF($B53<>"","Nadzar Akbar Subagja","")
A54: =IF($B54<>"",ROW()-4,"") | H54: =IF($B54<>"","Nadzar Akbar Subagja","")

Sheet Najwan Muhammad Ghalib
A1: TWENTY SWIM - LEVEL SISWA & JADWAL LATIHAN (BANDUNG)
A2: Pelatih: Najwan Muhammad Ghalib | D2: Terisi: | E2: =COUNTA($B$5:$B$54) | F2: siswa
A3: Isi kolom putih. Kolom berwarna = dropdown, tinggal pilih. No & Coach terisi otomatis.
A4: No | B4: Nama Siswa | C4: Program/Kelas | D4: Level Saat Ini | E4: Status | F4: Risiko | G4: Sosialisasi Keselamatan ke Ortu | H4: Coach | J4: JADWAL LATIHAN (Senin-Jumat 5 baris, Sabtu-Minggu 10 baris)
A5: =IF($B5<>"",ROW()-4,"") | B5: Bpk Aded | C5: Hydrotherapy Class | E5: Standalone | H5: =IF($B5<>"","Najwan Muhammad Ghalib","") | J5: Hari | K5: Jam | L5: Nama Siswa | M5: Lokasi (wilayah) | N5: Kolam
A6: =IF($B6<>"",ROW()-4,"") | B6: Dama | C6: Hydrotherapy Class | E6: Standalone | H6: =IF($B6<>"","Najwan Muhammad Ghalib","") | J6: Senin
A7: =IF($B7<>"",ROW()-4,"") | B7: Devdas | D7: Beginner II | E7: Standalone | H7: =IF($B7<>"","Najwan Muhammad Ghalib","")
A8: =IF($B8<>"",ROW()-4,"") | B8: Khairul | C8: Hydrotherapy Class | E8: Standalone | H8: =IF($B8<>"","Najwan Muhammad Ghalib","")
A9: =IF($B9<>"",ROW()-4,"") | B9: Kak Didit | D9: Beginner I | E9: Standalone | H9: =IF($B9<>"","Najwan Muhammad Ghalib","")
A10: =IF($B10<>"",ROW()-4,"") | B10: Gibran | D10: Beginner I | E10: Standalone | H10: =IF($B10<>"","Najwan Muhammad Ghalib","")
A11: =IF($B11<>"",ROW()-4,"") | B11: Rayyan | D11: Beginner I | E11: Standalone | H11: =IF($B11<>"","Najwan Muhammad Ghalib","") | J11: Selasa
A12: =IF($B12<>"",ROW()-4,"") | B12: Rami | D12: Beginner I | E12: Standalone | H12: =IF($B12<>"","Najwan Muhammad Ghalib","")
A13: =IF($B13<>"",ROW()-4,"") | B13: Albarra | D13: Beginner I | E13: Standalone | H13: =IF($B13<>"","Najwan Muhammad Ghalib","")
A14: =IF($B14<>"",ROW()-4,"") | B14: Mira | D14: Beginner I | E14: Standalone | H14: =IF($B14<>"","Najwan Muhammad Ghalib","")
A15: =IF($B15<>"",ROW()-4,"") | B15: Asya | D15: Beginner I | E15: Standalone | H15: =IF($B15<>"","Najwan Muhammad Ghalib","")
A16: =IF($B16<>"",ROW()-4,"") | B16: Gladis | D16: Beginner I | E16: Standalone | H16: =IF($B16<>"","Najwan Muhammad Ghalib","") | J16: Rabu
A17: =IF($B17<>"",ROW()-4,"") | B17: Altaf | C17: Baby Swim | D17: Baby Swim I | E17: Standalone | H17: =IF($B17<>"","Najwan Muhammad Ghalib","")
A18: =IF($B18<>"",ROW()-4,"") | B18: Askara | D18: Beginner I | E18: Standalone | H18: =IF($B18<>"","Najwan Muhammad Ghalib","")
A19: =IF($B19<>"",ROW()-4,"") | B19: Nazhan | D19: Beginner I | E19: Standalone | H19: =IF($B19<>"","Najwan Muhammad Ghalib","")
A20: =IF($B20<>"",ROW()-4,"") | B20: Alfarazka | D20: Beginner I | E20: Standalone | H20: =IF($B20<>"","Najwan Muhammad Ghalib","")
A21: =IF($B21<>"",ROW()-4,"") | B21: Kalid | D21: Beginner I | E21: Standalone | H21: =IF($B21<>"","Najwan Muhammad Ghalib","") | J21: Kamis
A22: =IF($B22<>"",ROW()-4,"") | B22: Latif | D22: Beginner I | E22: Standalone | H22: =IF($B22<>"","Najwan Muhammad Ghalib","")
A23: =IF($B23<>"",ROW()-4,"") | B23: Shaka | D23: Beginner I | E23: Standalone | H23: =IF($B23<>"","Najwan Muhammad Ghalib","")
A24: =IF($B24<>"",ROW()-4,"") | B24: Richio | D24: Beginner I | E24: Standalone | H24: =IF($B24<>"","Najwan Muhammad Ghalib","")
A25: =IF($B25<>"",ROW()-4,"") | B25: Shaquena | D25: Beginner I | E25: Standalone | H25: =IF($B25<>"","Najwan Muhammad Ghalib","")
A26: =IF($B26<>"",ROW()-4,"") | B26: Shagufa | D26: Beginner I | E26: Standalone | H26: =IF($B26<>"","Najwan Muhammad Ghalib","") | J26: Jumat
A27: =IF($B27<>"",ROW()-4,"") | B27: Ansel | C27: Baby Swim | D27: Baby Swim I | E27: Standalone | H27: =IF($B27<>"","Najwan Muhammad Ghalib","")
A28: =IF($B28<>"",ROW()-4,"") | B28: Bby luqman | C28: Baby Swim | D28: Baby Swim I | E28: Standalone | H28: =IF($B28<>"","Najwan Muhammad Ghalib","")
A29: =IF($B29<>"",ROW()-4,"") | B29: Inne | C29: Hydrotherapy Class | E29: Standalone | H29: =IF($B29<>"","Najwan Muhammad Ghalib","")
A30: =IF($B30<>"",ROW()-4,"") | H30: =IF($B30<>"","Najwan Muhammad Ghalib","")
A31: =IF($B31<>"",ROW()-4,"") | H31: =IF($B31<>"","Najwan Muhammad Ghalib","") | J31: Sabtu
A32: =IF($B32<>"",ROW()-4,"") | H32: =IF($B32<>"","Najwan Muhammad Ghalib","")
A33: =IF($B33<>"",ROW()-4,"") | H33: =IF($B33<>"","Najwan Muhammad Ghalib","")
A34: =IF($B34<>"",ROW()-4,"") | H34: =IF($B34<>"","Najwan Muhammad Ghalib","")
A35: =IF($B35<>"",ROW()-4,"") | H35: =IF($B35<>"","Najwan Muhammad Ghalib","")
A36: =IF($B36<>"",ROW()-4,"") | H36: =IF($B36<>"","Najwan Muhammad Ghalib","")
A37: =IF($B37<>"",ROW()-4,"") | H37: =IF($B37<>"","Najwan Muhammad Ghalib","")
A38: =IF($B38<>"",ROW()-4,"") | H38: =IF($B38<>"","Najwan Muhammad Ghalib","")
A39: =IF($B39<>"",ROW()-4,"") | H39: =IF($B39<>"","Najwan Muhammad Ghalib","")
A40: =IF($B40<>"",ROW()-4,"") | H40: =IF($B40<>"","Najwan Muhammad Ghalib","")
A41: =IF($B41<>"",ROW()-4,"") | H41: =IF($B41<>"","Najwan Muhammad Ghalib","") | J41: Minggu
A42: =IF($B42<>"",ROW()-4,"") | H42: =IF($B42<>"","Najwan Muhammad Ghalib","")
A43: =IF($B43<>"",ROW()-4,"") | H43: =IF($B43<>"","Najwan Muhammad Ghalib","")
A44: =IF($B44<>"",ROW()-4,"") | H44: =IF($B44<>"","Najwan Muhammad Ghalib","")
A45: =IF($B45<>"",ROW()-4,"") | H45: =IF($B45<>"","Najwan Muhammad Ghalib","")
A46: =IF($B46<>"",ROW()-4,"") | H46: =IF($B46<>"","Najwan Muhammad Ghalib","")
A47: =IF($B47<>"",ROW()-4,"") | H47: =IF($B47<>"","Najwan Muhammad Ghalib","")
A48: =IF($B48<>"",ROW()-4,"") | H48: =IF($B48<>"","Najwan Muhammad Ghalib","")
A49: =IF($B49<>"",ROW()-4,"") | H49: =IF($B49<>"","Najwan Muhammad Ghalib","")
A50: =IF($B50<>"",ROW()-4,"") | H50: =IF($B50<>"","Najwan Muhammad Ghalib","")
A51: =IF($B51<>"",ROW()-4,"") | H51: =IF($B51<>"","Najwan Muhammad Ghalib","")
A52: =IF($B52<>"",ROW()-4,"") | H52: =IF($B52<>"","Najwan Muhammad Ghalib","")
A53: =IF($B53<>"",ROW()-4,"") | H53: =IF($B53<>"","Najwan Muhammad Ghalib","")
A54: =IF($B54<>"",ROW()-4,"") | H54: =IF($B54<>"","Najwan Muhammad Ghalib","")

Sheet Nia Rizkiyanti
A1: TWENTY SWIM - LEVEL SISWA & JADWAL LATIHAN (BANDUNG)
A2: Pelatih: Nia Rizkiyanti | D2: Terisi: | E2: =COUNTA($B$5:$B$54) | F2: siswa
A3: Isi kolom putih. Kolom berwarna = dropdown, tinggal pilih. No & Coach terisi otomatis.
A4: No | B4: Nama Siswa | C4: Program/Kelas | D4: Level Saat Ini | E4: Status | F4: Risiko | G4: Sosialisasi Keselamatan ke Ortu | H4: Coach | J4: JADWAL LATIHAN (Senin-Jumat 5 baris, Sabtu-Minggu 10 baris)
A5: =IF($B5<>"",ROW()-4,"") | B5: Fathira Ayasya Yumna | D5: Aquatike II | E5: Standalone | H5: =IF($B5<>"","Nia Rizkiyanti","") | J5: Hari | K5: Jam | L5: Nama Siswa | M5: Lokasi (wilayah) | N5: Kolam
A6: =IF($B6<>"",ROW()-4,"") | B6: Mahira Adiba | D6: Preschool I | E6: Standalone | H6: =IF($B6<>"","Nia Rizkiyanti","") | J6: Senin
A7: =IF($B7<>"",ROW()-4,"") | B7: Tsabit Miqdad Al-Arqom | D7: Preschool I | E7: Standalone | H7: =IF($B7<>"","Nia Rizkiyanti","")
A8: =IF($B8<>"",ROW()-4,"") | B8: Kathya Zara Mahendra | D8: Preschool I | E8: Standalone | H8: =IF($B8<>"","Nia Rizkiyanti","")
A9: =IF($B9<>"",ROW()-4,"") | B9: Nayyara Aretha Medina | D9: Beginner I | E9: Standalone | H9: =IF($B9<>"","Nia Rizkiyanti","")
A10: =IF($B10<>"",ROW()-4,"") | B10: Alaric Al Zafran P | D10: Beginner I | E10: Standalone | H10: =IF($B10<>"","Nia Rizkiyanti","")
A11: =IF($B11<>"",ROW()-4,"") | B11: Gianna Siwi Prameswari | D11: Beginner I | E11: Standalone | H11: =IF($B11<>"","Nia Rizkiyanti","") | J11: Selasa
A12: =IF($B12<>"",ROW()-4,"") | B12: Maiza Azkadina Radya | D12: Beginner I | E12: Standalone | H12: =IF($B12<>"","Nia Rizkiyanti","")
A13: =IF($B13<>"",ROW()-4,"") | B13: Alesha Shaquenna | D13: Aquatike I | E13: Standalone | H13: =IF($B13<>"","Nia Rizkiyanti","")
A14: =IF($B14<>"",ROW()-4,"") | B14: Atharrayhan Rais Kasyafani | D14: Preschool I | E14: Standalone | H14: =IF($B14<>"","Nia Rizkiyanti","")
A15: =IF($B15<>"",ROW()-4,"") | B15: Qinara Azkadina Lukamansyah | D15: Swim Team Prep | E15: Standalone | H15: =IF($B15<>"","Nia Rizkiyanti","")
A16: =IF($B16<>"",ROW()-4,"") | B16: Quin Azzalea Lukmansyah | D16: Beginner I | E16: Standalone | H16: =IF($B16<>"","Nia Rizkiyanti","") | J16: Rabu
A17: =IF($B17<>"",ROW()-4,"") | B17: Ellen Kristina Manalu (ibu2) | H17: =IF($B17<>"","Nia Rizkiyanti","")
A18: =IF($B18<>"",ROW()-4,"") | B18: Wida Tjipta (ibu2) | H18: =IF($B18<>"","Nia Rizkiyanti","")
A19: =IF($B19<>"",ROW()-4,"") | H19: =IF($B19<>"","Nia Rizkiyanti","")
A20: =IF($B20<>"",ROW()-4,"") | H20: =IF($B20<>"","Nia Rizkiyanti","")
A21: =IF($B21<>"",ROW()-4,"") | H21: =IF($B21<>"","Nia Rizkiyanti","") | J21: Kamis
A22: =IF($B22<>"",ROW()-4,"") | H22: =IF($B22<>"","Nia Rizkiyanti","")
A23: =IF($B23<>"",ROW()-4,"") | H23: =IF($B23<>"","Nia Rizkiyanti","")
A24: =IF($B24<>"",ROW()-4,"") | H24: =IF($B24<>"","Nia Rizkiyanti","")
A25: =IF($B25<>"",ROW()-4,"") | H25: =IF($B25<>"","Nia Rizkiyanti","")
A26: =IF($B26<>"",ROW()-4,"") | H26: =IF($B26<>"","Nia Rizkiyanti","") | J26: Jumat
A27: =IF($B27<>"",ROW()-4,"") | H27: =IF($B27<>"","Nia Rizkiyanti","")
A28: =IF($B28<>"",ROW()-4,"") | H28: =IF($B28<>"","Nia Rizkiyanti","")
A29: =IF($B29<>"",ROW()-4,"") | H29: =IF($B29<>"","Nia Rizkiyanti","")
A30: =IF($B30<>"",ROW()-4,"") | H30: =IF($B30<>"","Nia Rizkiyanti","")
A31: =IF($B31<>"",ROW()-4,"") | H31: =IF($B31<>"","Nia Rizkiyanti","") | J31: Sabtu
A32: =IF($B32<>"",ROW()-4,"") | H32: =IF($B32<>"","Nia Rizkiyanti","")
A33: =IF($B33<>"",ROW()-4,"") | H33: =IF($B33<>"","Nia Rizkiyanti","")
A34: =IF($B34<>"",ROW()-4,"") | H34: =IF($B34<>"","Nia Rizkiyanti","")
A35: =IF($B35<>"",ROW()-4,"") | H35: =IF($B35<>"","Nia Rizkiyanti","")
A36: =IF($B36<>"",ROW()-4,"") | H36: =IF($B36<>"","Nia Rizkiyanti","")
A37: =IF($B37<>"",ROW()-4,"") | H37: =IF($B37<>"","Nia Rizkiyanti","")
A38: =IF($B38<>"",ROW()-4,"") | H38: =IF($B38<>"","Nia Rizkiyanti","")
A39: =IF($B39<>"",ROW()-4,"") | H39: =IF($B39<>"","Nia Rizkiyanti","")
A40: =IF($B40<>"",ROW()-4,"") | H40: =IF($B40<>"","Nia Rizkiyanti","")
A41: =IF($B41<>"",ROW()-4,"") | H41: =IF($B41<>"","Nia Rizkiyanti","") | J41: Minggu
A42: =IF($B42<>"",ROW()-4,"") | H42: =IF($B42<>"","Nia Rizkiyanti","")
A43: =IF($B43<>"",ROW()-4,"") | H43: =IF($B43<>"","Nia Rizkiyanti","")
A44: =IF($B44<>"",ROW()-4,"") | H44: =IF($B44<>"","Nia Rizkiyanti","")
A45: =IF($B45<>"",ROW()-4,"") | H45: =IF($B45<>"","Nia Rizkiyanti","")
A46: =IF($B46<>"",ROW()-4,"") | H46: =IF($B46<>"","Nia Rizkiyanti","")
A47: =IF($B47<>"",ROW()-4,"") | H47: =IF($B47<>"","Nia Rizkiyanti","")
A48: =IF($B48<>"",ROW()-4,"") | H48: =IF($B48<>"","Nia Rizkiyanti","")
A49: =IF($B49<>"",ROW()-4,"") | H49: =IF($B49<>"","Nia Rizkiyanti","")
A50: =IF($B50<>"",ROW()-4,"") | H50: =IF($B50<>"","Nia Rizkiyanti","")
A51: =IF($B51<>"",ROW()-4,"") | H51: =IF($B51<>"","Nia Rizkiyanti","")
A52: =IF($B52<>"",ROW()-4,"") | H52: =IF($B52<>"","Nia Rizkiyanti","")
A53: =IF($B53<>"",ROW()-4,"") | H53: =IF($B53<>"","Nia Rizkiyanti","")
A54: =IF($B54<>"",ROW()-4,"") | H54: =IF($B54<>"","Nia Rizkiyanti","")

Sheet Nur Ainillah Nabawi
A1: TWENTY SWIM - LEVEL SISWA & JADWAL LATIHAN (BANDUNG)
A2: Pelatih: Nur Ainillah Nabawi | D2: Terisi: | E2: =COUNTA($B$5:$B$54) | F2: siswa
A3: Isi kolom putih. Kolom berwarna = dropdown, tinggal pilih. No & Coach terisi otomatis.
A4: No | B4: Nama Siswa | C4: Program/Kelas | D4: Level Saat Ini | E4: Status | F4: Risiko | G4: Sosialisasi Keselamatan ke Ortu | H4: Coach | J4: JADWAL LATIHAN (Senin-Jumat 5 baris, Sabtu-Minggu 10 baris)
A5: =IF($B5<>"",ROW()-4,"") | B5: Syanum Shalihah | D5: Preschool I | E5: Standalone | H5: =IF($B5<>"","Nur Ainillah Nabawi","") | J5: Hari | K5: Jam | L5: Nama Siswa | M5: Lokasi (wilayah) | N5: Kolam
A6: =IF($B6<>"",ROW()-4,"") | B6: Vania Sri Susanto | D6: Beginner III | E6: Standalone | H6: =IF($B6<>"","Nur Ainillah Nabawi","") | J6: Senin
A7: =IF($B7<>"",ROW()-4,"") | B7: Albiansyah Rasyad Firrizki | D7: Preschool I | E7: Standalone | H7: =IF($B7<>"","Nur Ainillah Nabawi","")
A8: =IF($B8<>"",ROW()-4,"") | B8: Shawa Aretha Sabhira | D8: Intermediate I | E8: Standalone | H8: =IF($B8<>"","Nur Ainillah Nabawi","")
A9: =IF($B9<>"",ROW()-4,"") | B9: Tika Karlina | D9: Beginner III | E9: Standalone | H9: =IF($B9<>"","Nur Ainillah Nabawi","")
A10: =IF($B10<>"",ROW()-4,"") | B10: Meira | D10: Beginner III | E10: Standalone | H10: =IF($B10<>"","Nur Ainillah Nabawi","")
A11: =IF($B11<>"",ROW()-4,"") | B11: Sumiyati | D11: Beginner III | E11: Standalone | H11: =IF($B11<>"","Nur Ainillah Nabawi","") | J11: Selasa
A12: =IF($B12<>"",ROW()-4,"") | B12: Leandra Makaila Anara Aldene | D12: Beginner I | E12: Standalone | H12: =IF($B12<>"","Nur Ainillah Nabawi","")
A13: =IF($B13<>"",ROW()-4,"") | B13: Aisyah Shakila Azzahra | D13: Preschool II | E13: Standalone | H13: =IF($B13<>"","Nur Ainillah Nabawi","")
A14: =IF($B14<>"",ROW()-4,"") | B14: Arkhan Kamil Andriansyah | D14: Beginner III | E14: Standalone | H14: =IF($B14<>"","Nur Ainillah Nabawi","")
A15: =IF($B15<>"",ROW()-4,"") | B15: Naira Zahira Ayundi | D15: Aquatike I | E15: PA | H15: =IF($B15<>"","Nur Ainillah Nabawi","")
A16: =IF($B16<>"",ROW()-4,"") | B16: Celsia Sakila Putri | D16: Beginner II | E16: Standalone | H16: =IF($B16<>"","Nur Ainillah Nabawi","") | J16: Rabu
A17: =IF($B17<>"",ROW()-4,"") | B17: Indah Puspita | D17: Beginner III | E17: Standalone | H17: =IF($B17<>"","Nur Ainillah Nabawi","")
A18: =IF($B18<>"",ROW()-4,"") | B18: Alesha Chayra Guinevera | D18: Preschool II | E18: Standalone | H18: =IF($B18<>"","Nur Ainillah Nabawi","")
A19: =IF($B19<>"",ROW()-4,"") | B19: Yumna Anan Dara | D19: Aquatike II | E19: Standalone | H19: =IF($B19<>"","Nur Ainillah Nabawi","")
A20: =IF($B20<>"",ROW()-4,"") | B20: Gendis Adzkia | D20: Aquatike III | E20: Standalone | H20: =IF($B20<>"","Nur Ainillah Nabawi","")
A21: =IF($B21<>"",ROW()-4,"") | B21: Alisha Dzakiyah Khayla Razeta | D21: Preschool II | E21: Standalone | H21: =IF($B21<>"","Nur Ainillah Nabawi","") | J21: Kamis
A22: =IF($B22<>"",ROW()-4,"") | B22: Shabira Andrian Alesha | D22: Aquatike I | E22: PA | H22: =IF($B22<>"","Nur Ainillah Nabawi","")
A23: =IF($B23<>"",ROW()-4,"") | B23: Keinara Tafana | D23: Preschool II | E23: Standalone | H23: =IF($B23<>"","Nur Ainillah Nabawi","")
A24: =IF($B24<>"",ROW()-4,"") | B24: Mikayla Shidqia | D24: Aquatike I | E24: Standalone | H24: =IF($B24<>"","Nur Ainillah Nabawi","")
A25: =IF($B25<>"",ROW()-4,"") | B25: Falisha Noureen Rusdiana | D25: Preschool II | E25: Standalone | H25: =IF($B25<>"","Nur Ainillah Nabawi","")
A26: =IF($B26<>"",ROW()-4,"") | H26: =IF($B26<>"","Nur Ainillah Nabawi","") | J26: Jumat
A27: =IF($B27<>"",ROW()-4,"") | H27: =IF($B27<>"","Nur Ainillah Nabawi","")
A28: =IF($B28<>"",ROW()-4,"") | H28: =IF($B28<>"","Nur Ainillah Nabawi","")
A29: =IF($B29<>"",ROW()-4,"") | H29: =IF($B29<>"","Nur Ainillah Nabawi","")
A30: =IF($B30<>"",ROW()-4,"") | H30: =IF($B30<>"","Nur Ainillah Nabawi","")
A31: =IF($B31<>"",ROW()-4,"") | H31: =IF($B31<>"","Nur Ainillah Nabawi","") | J31: Sabtu
A32: =IF($B32<>"",ROW()-4,"") | H32: =IF($B32<>"","Nur Ainillah Nabawi","")
A33: =IF($B33<>"",ROW()-4,"") | H33: =IF($B33<>"","Nur Ainillah Nabawi","")
A34: =IF($B34<>"",ROW()-4,"") | H34: =IF($B34<>"","Nur Ainillah Nabawi","")
A35: =IF($B35<>"",ROW()-4,"") | H35: =IF($B35<>"","Nur Ainillah Nabawi","")
A36: =IF($B36<>"",ROW()-4,"") | H36: =IF($B36<>"","Nur Ainillah Nabawi","")
A37: =IF($B37<>"",ROW()-4,"") | H37: =IF($B37<>"","Nur Ainillah Nabawi","")
A38: =IF($B38<>"",ROW()-4,"") | H38: =IF($B38<>"","Nur Ainillah Nabawi","")
A39: =IF($B39<>"",ROW()-4,"") | H39: =IF($B39<>"","Nur Ainillah Nabawi","")
A40: =IF($B40<>"",ROW()-4,"") | H40: =IF($B40<>"","Nur Ainillah Nabawi","")
A41: =IF($B41<>"",ROW()-4,"") | H41: =IF($B41<>"","Nur Ainillah Nabawi","") | J41: Minggu
A42: =IF($B42<>"",ROW()-4,"") | H42: =IF($B42<>"","Nur Ainillah Nabawi","")
A43: =IF($B43<>"",ROW()-4,"") | H43: =IF($B43<>"","Nur Ainillah Nabawi","")
A44: =IF($B44<>"",ROW()-4,"") | H44: =IF($B44<>"","Nur Ainillah Nabawi","")
A45: =IF($B45<>"",ROW()-4,"") | H45: =IF($B45<>"","Nur Ainillah Nabawi","")
A46: =IF($B46<>"",ROW()-4,"") | H46: =IF($B46<>"","Nur Ainillah Nabawi","")
A47: =IF($B47<>"",ROW()-4,"") | H47: =IF($B47<>"","Nur Ainillah Nabawi","")
A48: =IF($B48<>"",ROW()-4,"") | H48: =IF($B48<>"","Nur Ainillah Nabawi","")
A49: =IF($B49<>"",ROW()-4,"") | H49: =IF($B49<>"","Nur Ainillah Nabawi","")
A50: =IF($B50<>"",ROW()-4,"") | H50: =IF($B50<>"","Nur Ainillah Nabawi","")
A51: =IF($B51<>"",ROW()-4,"") | H51: =IF($B51<>"","Nur Ainillah Nabawi","")
A52: =IF($B52<>"",ROW()-4,"") | H52: =IF($B52<>"","Nur Ainillah Nabawi","")
A53: =IF($B53<>"",ROW()-4,"") | H53: =IF($B53<>"","Nur Ainillah Nabawi","")
A54: =IF($B54<>"",ROW()-4,"") | H54: =IF($B54<>"","Nur Ainillah Nabawi","")

Sheet Nurul Khairunnissa
A1: TWENTY SWIM - LEVEL SISWA & JADWAL LATIHAN (BANDUNG)
A2: Pelatih: Nurul Khairunnissa | D2: Terisi: | E2: =COUNTA($B$5:$B$54) | F2: siswa
A3: Isi kolom putih. Kolom berwarna = dropdown, tinggal pilih. No & Coach terisi otomatis.
A4: No | B4: Nama Siswa | C4: Program/Kelas | D4: Level Saat Ini | E4: Status | F4: Risiko | G4: Sosialisasi Keselamatan ke Ortu | H4: Coach | J4: JADWAL LATIHAN (Senin-Jumat 5 baris, Sabtu-Minggu 10 baris)
A5: =IF($B5<>"",ROW()-4,"") | B5: Nayyara | D5: Beginner I | E5: PA | H5: =IF($B5<>"","Nurul Khairunnissa","") | J5: Hari | K5: Jam | L5: Nama Siswa | M5: Lokasi (wilayah) | N5: Kolam
A6: =IF($B6<>"",ROW()-4,"") | B6: Almahira | D6: Preschool I | E6: PA | H6: =IF($B6<>"","Nurul Khairunnissa","") | J6: Senin
A7: =IF($B7<>"",ROW()-4,"") | B7: Shaqueena | D7: Beginner I | E7: PA | H7: =IF($B7<>"","Nurul Khairunnissa","")
A8: =IF($B8<>"",ROW()-4,"") | B8: Nayla | D8: Beginner I | E8: Standalone | H8: =IF($B8<>"","Nurul Khairunnissa","")
A9: =IF($B9<>"",ROW()-4,"") | B9: Nayyara | D9: Preschool I | E9: PA | H9: =IF($B9<>"","Nurul Khairunnissa","")
A10: =IF($B10<>"",ROW()-4,"") | B10: Alisha Alifia | D10: Beginner I | E10: PA | H10: =IF($B10<>"","Nurul Khairunnissa","")
A11: =IF($B11<>"",ROW()-4,"") | B11: Almira | D11: Beginner I | E11: PA | H11: =IF($B11<>"","Nurul Khairunnissa","") | J11: Selasa
A12: =IF($B12<>"",ROW()-4,"") | B12: Aisha | D12: Beginner II | E12: Standalone | H12: =IF($B12<>"","Nurul Khairunnissa","")
A13: =IF($B13<>"",ROW()-4,"") | B13: Kinanti Calista | D13: Beginner II | E13: Standalone | H13: =IF($B13<>"","Nurul Khairunnissa","")
A14: =IF($B14<>"",ROW()-4,"") | B14: Alifia | D14: Intermediate I | E14: Standalone | H14: =IF($B14<>"","Nurul Khairunnissa","")
A15: =IF($B15<>"",ROW()-4,"") | B15: Zea | D15: Beginner I | E15: Standalone | H15: =IF($B15<>"","Nurul Khairunnissa","")
A16: =IF($B16<>"",ROW()-4,"") | B16: Maren | D16: Preschool I | E16: PA | H16: =IF($B16<>"","Nurul Khairunnissa","") | J16: Rabu
A17: =IF($B17<>"",ROW()-4,"") | B17: Kanaya | D17: Beginner I | E17: Standalone | H17: =IF($B17<>"","Nurul Khairunnissa","")
A18: =IF($B18<>"",ROW()-4,"") | B18: Hasna | H18: =IF($B18<>"","Nurul Khairunnissa","")
A19: =IF($B19<>"",ROW()-4,"") | B19: constantine | H19: =IF($B19<>"","Nurul Khairunnissa","")
A20: =IF($B20<>"",ROW()-4,"") | H20: =IF($B20<>"","Nurul Khairunnissa","")
A21: =IF($B21<>"",ROW()-4,"") | H21: =IF($B21<>"","Nurul Khairunnissa","") | J21: Kamis
A22: =IF($B22<>"",ROW()-4,"") | H22: =IF($B22<>"","Nurul Khairunnissa","")
A23: =IF($B23<>"",ROW()-4,"") | H23: =IF($B23<>"","Nurul Khairunnissa","")
A24: =IF($B24<>"",ROW()-4,"") | H24: =IF($B24<>"","Nurul Khairunnissa","")
A25: =IF($B25<>"",ROW()-4,"") | H25: =IF($B25<>"","Nurul Khairunnissa","")
A26: =IF($B26<>"",ROW()-4,"") | H26: =IF($B26<>"","Nurul Khairunnissa","") | J26: Jumat
A27: =IF($B27<>"",ROW()-4,"") | H27: =IF($B27<>"","Nurul Khairunnissa","")
A28: =IF($B28<>"",ROW()-4,"") | H28: =IF($B28<>"","Nurul Khairunnissa","")
A29: =IF($B29<>"",ROW()-4,"") | H29: =IF($B29<>"","Nurul Khairunnissa","")
A30: =IF($B30<>"",ROW()-4,"") | H30: =IF($B30<>"","Nurul Khairunnissa","")
A31: =IF($B31<>"",ROW()-4,"") | H31: =IF($B31<>"","Nurul Khairunnissa","") | J31: Sabtu
A32: =IF($B32<>"",ROW()-4,"") | H32: =IF($B32<>"","Nurul Khairunnissa","")
A33: =IF($B33<>"",ROW()-4,"") | H33: =IF($B33<>"","Nurul Khairunnissa","")
A34: =IF($B34<>"",ROW()-4,"") | H34: =IF($B34<>"","Nurul Khairunnissa","")
A35: =IF($B35<>"",ROW()-4,"") | H35: =IF($B35<>"","Nurul Khairunnissa","")
A36: =IF($B36<>"",ROW()-4,"") | H36: =IF($B36<>"","Nurul Khairunnissa","")
A37: =IF($B37<>"",ROW()-4,"") | H37: =IF($B37<>"","Nurul Khairunnissa","")
A38: =IF($B38<>"",ROW()-4,"") | H38: =IF($B38<>"","Nurul Khairunnissa","")
A39: =IF($B39<>"",ROW()-4,"") | H39: =IF($B39<>"","Nurul Khairunnissa","")
A40: =IF($B40<>"",ROW()-4,"") | H40: =IF($B40<>"","Nurul Khairunnissa","")
A41: =IF($B41<>"",ROW()-4,"") | H41: =IF($B41<>"","Nurul Khairunnissa","") | J41: Minggu
A42: =IF($B42<>"",ROW()-4,"") | H42: =IF($B42<>"","Nurul Khairunnissa","")
A43: =IF($B43<>"",ROW()-4,"") | H43: =IF($B43<>"","Nurul Khairunnissa","")
A44: =IF($B44<>"",ROW()-4,"") | H44: =IF($B44<>"","Nurul Khairunnissa","")
A45: =IF($B45<>"",ROW()-4,"") | H45: =IF($B45<>"","Nurul Khairunnissa","")
A46: =IF($B46<>"",ROW()-4,"") | H46: =IF($B46<>"","Nurul Khairunnissa","")
A47: =IF($B47<>"",ROW()-4,"") | H47: =IF($B47<>"","Nurul Khairunnissa","")
A48: =IF($B48<>"",ROW()-4,"") | H48: =IF($B48<>"","Nurul Khairunnissa","")
A49: =IF($B49<>"",ROW()-4,"") | H49: =IF($B49<>"","Nurul Khairunnissa","")
A50: =IF($B50<>"",ROW()-4,"") | H50: =IF($B50<>"","Nurul Khairunnissa","")
A51: =IF($B51<>"",ROW()-4,"") | H51: =IF($B51<>"","Nurul Khairunnissa","")
A52: =IF($B52<>"",ROW()-4,"") | H52: =IF($B52<>"","Nurul Khairunnissa","")
A53: =IF($B53<>"",ROW()-4,"") | H53: =IF($B53<>"","Nurul Khairunnissa","")
A54: =IF($B54<>"",ROW()-4,"") | H54: =IF($B54<>"","Nurul Khairunnissa","")

Sheet Putri Maharani
A1: TWENTY SWIM - LEVEL SISWA & JADWAL LATIHAN (BANDUNG)
A2: Pelatih: Putri Maharani | D2: Terisi: | E2: =COUNTA($B$5:$B$54) | F2: siswa
A3: Isi kolom putih. Kolom berwarna = dropdown, tinggal pilih. No & Coach terisi otomatis.
A4: No | B4: Nama Siswa | C4: Program/Kelas | D4: Level Saat Ini | E4: Status | F4: Risiko | G4: Sosialisasi Keselamatan ke Ortu | H4: Coach | J4: JADWAL LATIHAN (Senin-Jumat 5 baris, Sabtu-Minggu 10 baris)
A5: =IF($B5<>"",ROW()-4,"") | B5: Althea Odilia Aditri | D5: Beginner II | H5: =IF($B5<>"","Putri Maharani","") | J5: Hari | K5: Jam | L5: Nama Siswa | M5: Lokasi (wilayah) | N5: Kolam
A6: =IF($B6<>"",ROW()-4,"") | B6: Amalia jasmine | D6: Advanced I | E6: Standalone | H6: =IF($B6<>"","Putri Maharani","") | J6: Senin
A7: =IF($B7<>"",ROW()-4,"") | B7: Elena Putri Pradana | D7: Preschool I | H7: =IF($B7<>"","Putri Maharani","")
A8: =IF($B8<>"",ROW()-4,"") | B8: Kalunar Gantari Amesta | D8: Beginner II | H8: =IF($B8<>"","Putri Maharani","")
A9: =IF($B9<>"",ROW()-4,"") | B9: Sandyakala Calief Mahdi | D9: Preschool I | H9: =IF($B9<>"","Putri Maharani","")
A10: =IF($B10<>"",ROW()-4,"") | B10: Hafizan Raffasya Satriadama | D10: Beginner III | E10: Standalone | H10: =IF($B10<>"","Putri Maharani","")
A11: =IF($B11<>"",ROW()-4,"") | B11: MEISHARA YUMNAA ARFIANDA | D11: Beginner I | H11: =IF($B11<>"","Putri Maharani","") | J11: Selasa
A12: =IF($B12<>"",ROW()-4,"") | B12: Alula Lakeisha Naima | D12: Beginner I | H12: =IF($B12<>"","Putri Maharani","")
A13: =IF($B13<>"",ROW()-4,"") | B13: Raffasya Atharizz Calif | D13: Preschool I | H13: =IF($B13<>"","Putri Maharani","")
A14: =IF($B14<>"",ROW()-4,"") | B14: Shanum Zeora Levana | D14: Aquatike I | H14: =IF($B14<>"","Putri Maharani","")
A15: =IF($B15<>"",ROW()-4,"") | B15: Ayunda Shabrina R | D15: Beginner III | E15: Standalone | H15: =IF($B15<>"","Putri Maharani","")
A16: =IF($B16<>"",ROW()-4,"") | B16: Azkia Hanna Fathiya Zahratunnisa | D16: Preschool I | H16: =IF($B16<>"","Putri Maharani","") | J16: Rabu
A17: =IF($B17<>"",ROW()-4,"") | B17: Aisha | C17: Baby Swim | D17: Baby Swim II | H17: =IF($B17<>"","Putri Maharani","")
A18: =IF($B18<>"",ROW()-4,"") | B18: Binar Ameera Kusuma | D18: Beginner I | H18: =IF($B18<>"","Putri Maharani","")
A19: =IF($B19<>"",ROW()-4,"") | B19: M. Arkhan Alfarizqi | D19: Preschool II | H19: =IF($B19<>"","Putri Maharani","")
A20: =IF($B20<>"",ROW()-4,"") | B20: Shahreen Chayrazeta Jatmiko | D20: Beginner I | H20: =IF($B20<>"","Putri Maharani","")
A21: =IF($B21<>"",ROW()-4,"") | B21: Syaira Afsheena Shanum | D21: Beginner I | H21: =IF($B21<>"","Putri Maharani","") | J21: Kamis
A22: =IF($B22<>"",ROW()-4,"") | B22: Aruna Dikala Senja | D22: Beginner I | H22: =IF($B22<>"","Putri Maharani","")
A23: =IF($B23<>"",ROW()-4,"") | B23: nunna | D23: Beginner I | H23: =IF($B23<>"","Putri Maharani","")
A24: =IF($B24<>"",ROW()-4,"") | H24: =IF($B24<>"","Putri Maharani","")
A25: =IF($B25<>"",ROW()-4,"") | H25: =IF($B25<>"","Putri Maharani","")
A26: =IF($B26<>"",ROW()-4,"") | H26: =IF($B26<>"","Putri Maharani","") | J26: Jumat
A27: =IF($B27<>"",ROW()-4,"") | H27: =IF($B27<>"","Putri Maharani","")
A28: =IF($B28<>"",ROW()-4,"") | H28: =IF($B28<>"","Putri Maharani","")
A29: =IF($B29<>"",ROW()-4,"") | H29: =IF($B29<>"","Putri Maharani","")
A30: =IF($B30<>"",ROW()-4,"") | H30: =IF($B30<>"","Putri Maharani","")
A31: =IF($B31<>"",ROW()-4,"") | H31: =IF($B31<>"","Putri Maharani","") | J31: Sabtu
A32: =IF($B32<>"",ROW()-4,"") | H32: =IF($B32<>"","Putri Maharani","")
A33: =IF($B33<>"",ROW()-4,"") | H33: =IF($B33<>"","Putri Maharani","")
A34: =IF($B34<>"",ROW()-4,"") | H34: =IF($B34<>"","Putri Maharani","")
A35: =IF($B35<>"",ROW()-4,"") | H35: =IF($B35<>"","Putri Maharani","")
A36: =IF($B36<>"",ROW()-4,"") | H36: =IF($B36<>"","Putri Maharani","")
A37: =IF($B37<>"",ROW()-4,"") | H37: =IF($B37<>"","Putri Maharani","")
A38: =IF($B38<>"",ROW()-4,"") | H38: =IF($B38<>"","Putri Maharani","")
A39: =IF($B39<>"",ROW()-4,"") | H39: =IF($B39<>"","Putri Maharani","")
A40: =IF($B40<>"",ROW()-4,"") | H40: =IF($B40<>"","Putri Maharani","")
A41: =IF($B41<>"",ROW()-4,"") | H41: =IF($B41<>"","Putri Maharani","") | J41: Minggu
A42: =IF($B42<>"",ROW()-4,"") | H42: =IF($B42<>"","Putri Maharani","")
A43: =IF($B43<>"",ROW()-4,"") | H43: =IF($B43<>"","Putri Maharani","")
A44: =IF($B44<>"",ROW()-4,"") | H44: =IF($B44<>"","Putri Maharani","")
A45: =IF($B45<>"",ROW()-4,"") | H45: =IF($B45<>"","Putri Maharani","")
A46: =IF($B46<>"",ROW()-4,"") | H46: =IF($B46<>"","Putri Maharani","")
A47: =IF($B47<>"",ROW()-4,"") | H47: =IF($B47<>"","Putri Maharani","")
A48: =IF($B48<>"",ROW()-4,"") | H48: =IF($B48<>"","Putri Maharani","")
A49: =IF($B49<>"",ROW()-4,"") | H49: =IF($B49<>"","Putri Maharani","")
A50: =IF($B50<>"",ROW()-4,"") | H50: =IF($B50<>"","Putri Maharani","")
A51: =IF($B51<>"",ROW()-4,"") | H51: =IF($B51<>"","Putri Maharani","")
A52: =IF($B52<>"",ROW()-4,"") | H52: =IF($B52<>"","Putri Maharani","")
A53: =IF($B53<>"",ROW()-4,"") | H53: =IF($B53<>"","Putri Maharani","")
A54: =IF($B54<>"",ROW()-4,"") | H54: =IF($B54<>"","Putri Maharani","")

Sheet Rika Kartika
A1: TWENTY SWIM - LEVEL SISWA & JADWAL LATIHAN (BANDUNG)
A2: Pelatih: Rika Kartika | D2: Terisi: | E2: =COUNTA($B$5:$B$54) | F2: siswa
A3: Isi kolom putih. Kolom berwarna = dropdown, tinggal pilih. No & Coach terisi otomatis.
A4: No | B4: Nama Siswa | C4: Program/Kelas | D4: Level Saat Ini | E4: Status | F4: Risiko | G4: Sosialisasi Keselamatan ke Ortu | H4: Coach | J4: JADWAL LATIHAN (Senin-Jumat 5 baris, Sabtu-Minggu 10 baris)
A5: =IF($B5<>"",ROW()-4,"") | B5: Khayla Atalia Husni | D5: Beginner I | E5: Standalone | H5: =IF($B5<>"","Rika Kartika","") | J5: Hari | K5: Jam | L5: Nama Siswa | M5: Lokasi (wilayah) | N5: Kolam
A6: =IF($B6<>"",ROW()-4,"") | B6: Ejlaal Hayyan Radeya | D6: Preschool II | E6: Standalone | H6: =IF($B6<>"","Rika Kartika","") | J6: Senin
A7: =IF($B7<>"",ROW()-4,"") | B7: Syaira Ziyan Yumna | D7: Beginner I | E7: Standalone | H7: =IF($B7<>"","Rika Kartika","")
A8: =IF($B8<>"",ROW()-4,"") | B8: Fakhira Azmi Ramdhani | D8: Beginner I | E8: Standalone | H8: =IF($B8<>"","Rika Kartika","")
A9: =IF($B9<>"",ROW()-4,"") | B9: Aresya Diasretha | D9: Beginner II | E9: Standalone | H9: =IF($B9<>"","Rika Kartika","")
A10: =IF($B10<>"",ROW()-4,"") | B10: Annessa D | D10: Beginner I | E10: Standalone | H10: =IF($B10<>"","Rika Kartika","")
A11: =IF($B11<>"",ROW()-4,"") | B11: Kalea Embun Sabiya | D11: Beginner II | E11: Standalone | H11: =IF($B11<>"","Rika Kartika","") | J11: Selasa
A12: =IF($B12<>"",ROW()-4,"") | B12: Keanu Muhammad Askara | D12: Beginner I | E12: Standalone | H12: =IF($B12<>"","Rika Kartika","")
A13: =IF($B13<>"",ROW()-4,"") | B13: Arumi Sachi Maulidya | D13: Beginner I | E13: Standalone | H13: =IF($B13<>"","Rika Kartika","")
A14: =IF($B14<>"",ROW()-4,"") | B14: Alesha Rena Meimiga Septriana | D14: Beginner II | E14: Standalone | H14: =IF($B14<>"","Rika Kartika","")
A15: =IF($B15<>"",ROW()-4,"") | B15: Ahmad Habibi | D15: Aquatike I | E15: Standalone | H15: =IF($B15<>"","Rika Kartika","")
A16: =IF($B16<>"",ROW()-4,"") | B16: Intan Anindya Hidayah | D16: Beginner I | E16: Standalone | H16: =IF($B16<>"","Rika Kartika","") | J16: Rabu
A17: =IF($B17<>"",ROW()-4,"") | B17: Assyifa | D17: Beginner I | E17: Standalone | H17: =IF($B17<>"","Rika Kartika","")
A18: =IF($B18<>"",ROW()-4,"") | B18: Ibu Reni | E18: Standalone | H18: =IF($B18<>"","Rika Kartika","")
A19: =IF($B19<>"",ROW()-4,"") | B19: Ibu Ami | E19: Standalone | H19: =IF($B19<>"","Rika Kartika","")
A20: =IF($B20<>"",ROW()-4,"") | B20: Sean | D20: Beginner II | E20: Standalone | H20: =IF($B20<>"","Rika Kartika","")
A21: =IF($B21<>"",ROW()-4,"") | B21: Calluella | E21: Standalone | H21: =IF($B21<>"","Rika Kartika","") | J21: Kamis
A22: =IF($B22<>"",ROW()-4,"") | B22: Deandra | E22: Standalone | H22: =IF($B22<>"","Rika Kartika","")
A23: =IF($B23<>"",ROW()-4,"") | B23: Lathisa | E23: Standalone | H23: =IF($B23<>"","Rika Kartika","")
A24: =IF($B24<>"",ROW()-4,"") | H24: =IF($B24<>"","Rika Kartika","")
A25: =IF($B25<>"",ROW()-4,"") | H25: =IF($B25<>"","Rika Kartika","")
A26: =IF($B26<>"",ROW()-4,"") | H26: =IF($B26<>"","Rika Kartika","") | J26: Jumat
A27: =IF($B27<>"",ROW()-4,"") | H27: =IF($B27<>"","Rika Kartika","")
A28: =IF($B28<>"",ROW()-4,"") | H28: =IF($B28<>"","Rika Kartika","")
A29: =IF($B29<>"",ROW()-4,"") | H29: =IF($B29<>"","Rika Kartika","")
A30: =IF($B30<>"",ROW()-4,"") | H30: =IF($B30<>"","Rika Kartika","")
A31: =IF($B31<>"",ROW()-4,"") | H31: =IF($B31<>"","Rika Kartika","") | J31: Sabtu
A32: =IF($B32<>"",ROW()-4,"") | H32: =IF($B32<>"","Rika Kartika","")
A33: =IF($B33<>"",ROW()-4,"") | H33: =IF($B33<>"","Rika Kartika","")
A34: =IF($B34<>"",ROW()-4,"") | H34: =IF($B34<>"","Rika Kartika","")
A35: =IF($B35<>"",ROW()-4,"") | H35: =IF($B35<>"","Rika Kartika","")
A36: =IF($B36<>"",ROW()-4,"") | H36: =IF($B36<>"","Rika Kartika","")
A37: =IF($B37<>"",ROW()-4,"") | H37: =IF($B37<>"","Rika Kartika","")
A38: =IF($B38<>"",ROW()-4,"") | H38: =IF($B38<>"","Rika Kartika","")
A39: =IF($B39<>"",ROW()-4,"") | H39: =IF($B39<>"","Rika Kartika","")
A40: =IF($B40<>"",ROW()-4,"") | H40: =IF($B40<>"","Rika Kartika","")
A41: =IF($B41<>"",ROW()-4,"") | H41: =IF($B41<>"","Rika Kartika","") | J41: Minggu
A42: =IF($B42<>"",ROW()-4,"") | H42: =IF($B42<>"","Rika Kartika","")
A43: =IF($B43<>"",ROW()-4,"") | H43: =IF($B43<>"","Rika Kartika","")
A44: =IF($B44<>"",ROW()-4,"") | H44: =IF($B44<>"","Rika Kartika","")
A45: =IF($B45<>"",ROW()-4,"") | H45: =IF($B45<>"","Rika Kartika","")
A46: =IF($B46<>"",ROW()-4,"") | H46: =IF($B46<>"","Rika Kartika","")
A47: =IF($B47<>"",ROW()-4,"") | H47: =IF($B47<>"","Rika Kartika","")
A48: =IF($B48<>"",ROW()-4,"") | H48: =IF($B48<>"","Rika Kartika","")
A49: =IF($B49<>"",ROW()-4,"") | H49: =IF($B49<>"","Rika Kartika","")
A50: =IF($B50<>"",ROW()-4,"") | H50: =IF($B50<>"","Rika Kartika","")
A51: =IF($B51<>"",ROW()-4,"") | H51: =IF($B51<>"","Rika Kartika","")
A52: =IF($B52<>"",ROW()-4,"") | H52: =IF($B52<>"","Rika Kartika","")
A53: =IF($B53<>"",ROW()-4,"") | H53: =IF($B53<>"","Rika Kartika","")
A54: =IF($B54<>"",ROW()-4,"") | H54: =IF($B54<>"","Rika Kartika","")

Sheet Riva Nur Fathiya Safitri
A1: TWENTY SWIM - LEVEL SISWA & JADWAL LATIHAN (BANDUNG)
A2: Pelatih: Riva Nur Fathiya Safitri | D2: Terisi: | E2: =COUNTA($B$5:$B$54) | F2: siswa
A3: Isi kolom putih. Kolom berwarna = dropdown, tinggal pilih. No & Coach terisi otomatis.
A4: No | B4: Nama Siswa | C4: Program/Kelas | D4: Level Saat Ini | E4: Status | F4: Risiko | G4: Sosialisasi Keselamatan ke Ortu | H4: Coach | J4: JADWAL LATIHAN (Senin-Jumat 5 baris, Sabtu-Minggu 10 baris)
A5: =IF($B5<>"",ROW()-4,"") | B5: XAVIERA THAVISA | D5: Intermediate I | H5: =IF($B5<>"","Riva Nur Fathiya Safitri","") | J5: Hari | K5: Jam | L5: Nama Siswa | M5: Lokasi (wilayah) | N5: Kolam
A6: =IF($B6<>"",ROW()-4,"") | B6: NAYLA PUTRI | D6: Beginner II | H6: =IF($B6<>"","Riva Nur Fathiya Safitri","") | J6: Senin
A7: =IF($B7<>"",ROW()-4,"") | B7: NAZWA ISNAYA | D7: Preschool I | H7: =IF($B7<>"","Riva Nur Fathiya Safitri","")
A8: =IF($B8<>"",ROW()-4,"") | B8: AISYAH | C8: Baby Swim | D8: Baby Swim I | H8: =IF($B8<>"","Riva Nur Fathiya Safitri","")
A9: =IF($B9<>"",ROW()-4,"") | B9: KAISAA HAANIM | D9: Beginner II | H9: =IF($B9<>"","Riva Nur Fathiya Safitri","")
A10: =IF($B10<>"",ROW()-4,"") | B10: SATRIA MUHAMMAD SOPIAN | D10: Intermediate II | H10: =IF($B10<>"","Riva Nur Fathiya Safitri","")
A11: =IF($B11<>"",ROW()-4,"") | B11: NASYA | D11: Preschool I | H11: =IF($B11<>"","Riva Nur Fathiya Safitri","") | J11: Selasa
A12: =IF($B12<>"",ROW()-4,"") | B12: ALDEVARO | D12: Beginner II | H12: =IF($B12<>"","Riva Nur Fathiya Safitri","")
A13: =IF($B13<>"",ROW()-4,"") | B13: ALETHA AZWA HALONA | D13: Swim Team Prep | H13: =IF($B13<>"","Riva Nur Fathiya Safitri","")
A14: =IF($B14<>"",ROW()-4,"") | B14: JAVIER | D14: Beginner I | H14: =IF($B14<>"","Riva Nur Fathiya Safitri","")
A15: =IF($B15<>"",ROW()-4,"") | H15: =IF($B15<>"","Riva Nur Fathiya Safitri","")
A16: =IF($B16<>"",ROW()-4,"") | H16: =IF($B16<>"","Riva Nur Fathiya Safitri","") | J16: Rabu
A17: =IF($B17<>"",ROW()-4,"") | H17: =IF($B17<>"","Riva Nur Fathiya Safitri","")
A18: =IF($B18<>"",ROW()-4,"") | H18: =IF($B18<>"","Riva Nur Fathiya Safitri","")
A19: =IF($B19<>"",ROW()-4,"") | H19: =IF($B19<>"","Riva Nur Fathiya Safitri","")
A20: =IF($B20<>"",ROW()-4,"") | H20: =IF($B20<>"","Riva Nur Fathiya Safitri","")
A21: =IF($B21<>"",ROW()-4,"") | H21: =IF($B21<>"","Riva Nur Fathiya Safitri","") | J21: Kamis
A22: =IF($B22<>"",ROW()-4,"") | H22: =IF($B22<>"","Riva Nur Fathiya Safitri","")
A23: =IF($B23<>"",ROW()-4,"") | H23: =IF($B23<>"","Riva Nur Fathiya Safitri","")
A24: =IF($B24<>"",ROW()-4,"") | H24: =IF($B24<>"","Riva Nur Fathiya Safitri","")
A25: =IF($B25<>"",ROW()-4,"") | H25: =IF($B25<>"","Riva Nur Fathiya Safitri","")
A26: =IF($B26<>"",ROW()-4,"") | H26: =IF($B26<>"","Riva Nur Fathiya Safitri","") | J26: Jumat
A27: =IF($B27<>"",ROW()-4,"") | H27: =IF($B27<>"","Riva Nur Fathiya Safitri","")
A28: =IF($B28<>"",ROW()-4,"") | H28: =IF($B28<>"","Riva Nur Fathiya Safitri","")
A29: =IF($B29<>"",ROW()-4,"") | H29: =IF($B29<>"","Riva Nur Fathiya Safitri","")
A30: =IF($B30<>"",ROW()-4,"") | H30: =IF($B30<>"","Riva Nur Fathiya Safitri","")
A31: =IF($B31<>"",ROW()-4,"") | H31: =IF($B31<>"","Riva Nur Fathiya Safitri","") | J31: Sabtu
A32: =IF($B32<>"",ROW()-4,"") | H32: =IF($B32<>"","Riva Nur Fathiya Safitri","")
A33: =IF($B33<>"",ROW()-4,"") | H33: =IF($B33<>"","Riva Nur Fathiya Safitri","")
A34: =IF($B34<>"",ROW()-4,"") | H34: =IF($B34<>"","Riva Nur Fathiya Safitri","")
A35: =IF($B35<>"",ROW()-4,"") | H35: =IF($B35<>"","Riva Nur Fathiya Safitri","")
A36: =IF($B36<>"",ROW()-4,"") | H36: =IF($B36<>"","Riva Nur Fathiya Safitri","")
A37: =IF($B37<>"",ROW()-4,"") | H37: =IF($B37<>"","Riva Nur Fathiya Safitri","")
A38: =IF($B38<>"",ROW()-4,"") | H38: =IF($B38<>"","Riva Nur Fathiya Safitri","")
A39: =IF($B39<>"",ROW()-4,"") | H39: =IF($B39<>"","Riva Nur Fathiya Safitri","")
A40: =IF($B40<>"",ROW()-4,"") | H40: =IF($B40<>"","Riva Nur Fathiya Safitri","")
A41: =IF($B41<>"",ROW()-4,"") | H41: =IF($B41<>"","Riva Nur Fathiya Safitri","") | J41: Minggu
A42: =IF($B42<>"",ROW()-4,"") | H42: =IF($B42<>"","Riva Nur Fathiya Safitri","")
A43: =IF($B43<>"",ROW()-4,"") | H43: =IF($B43<>"","Riva Nur Fathiya Safitri","")
A44: =IF($B44<>"",ROW()-4,"") | H44: =IF($B44<>"","Riva Nur Fathiya Safitri","")
A45: =IF($B45<>"",ROW()-4,"") | H45: =IF($B45<>"","Riva Nur Fathiya Safitri","")
A46: =IF($B46<>"",ROW()-4,"") | H46: =IF($B46<>"","Riva Nur Fathiya Safitri","")
A47: =IF($B47<>"",ROW()-4,"") | H47: =IF($B47<>"","Riva Nur Fathiya Safitri","")
A48: =IF($B48<>"",ROW()-4,"") | H48: =IF($B48<>"","Riva Nur Fathiya Safitri","")
A49: =IF($B49<>"",ROW()-4,"") | H49: =IF($B49<>"","Riva Nur Fathiya Safitri","")
A50: =IF($B50<>"",ROW()-4,"") | H50: =IF($B50<>"","Riva Nur Fathiya Safitri","")
A51: =IF($B51<>"",ROW()-4,"") | H51: =IF($B51<>"","Riva Nur Fathiya Safitri","")
A52: =IF($B52<>"",ROW()-4,"") | H52: =IF($B52<>"","Riva Nur Fathiya Safitri","")
A53: =IF($B53<>"",ROW()-4,"") | H53: =IF($B53<>"","Riva Nur Fathiya Safitri","")
A54: =IF($B54<>"",ROW()-4,"") | H54: =IF($B54<>"","Riva Nur Fathiya Safitri","")

Sheet Shintia Nur Fadillah
A1: TWENTY SWIM - LEVEL SISWA & JADWAL LATIHAN (BANDUNG)
A2: Pelatih: Shintia Nur Fadillah | D2: Terisi: | E2: =COUNTA($B$5:$B$54) | F2: siswa
A3: Isi kolom putih. Kolom berwarna = dropdown, tinggal pilih. No & Coach terisi otomatis.
A4: No | B4: Nama Siswa | C4: Program/Kelas | D4: Level Saat Ini | E4: Status | F4: Risiko | G4: Sosialisasi Keselamatan ke Ortu | H4: Coach | J4: JADWAL LATIHAN (Senin-Jumat 5 baris, Sabtu-Minggu 10 baris)
A5: =IF($B5<>"",ROW()-4,"") | B5: Ajwah Ghaziyya Tsuraya | D5: Intermediate I | E5: PA | H5: =IF($B5<>"","Shintia Nur Fadillah","") | J5: Hari | K5: Jam | L5: Nama Siswa | M5: Lokasi (wilayah) | N5: Kolam
A6: =IF($B6<>"",ROW()-4,"") | B6: Aghamora Futih Elena | D6: Preschool I | E6: PA | H6: =IF($B6<>"","Shintia Nur Fadillah","") | J6: Senin
A7: =IF($B7<>"",ROW()-4,"") | B7: Annasya Sky Rifaldy | D7: Aquatike I | E7: PA | H7: =IF($B7<>"","Shintia Nur Fadillah","")
A8: =IF($B8<>"",ROW()-4,"") | B8: Harmony Saura Anggara | D8: Aquatike I | E8: PA | H8: =IF($B8<>"","Shintia Nur Fadillah","")
A9: =IF($B9<>"",ROW()-4,"") | B9: Muhammad Danish Pradipa | D9: Intermediate II | E9: PA | H9: =IF($B9<>"","Shintia Nur Fadillah","")
A10: =IF($B10<>"",ROW()-4,"") | B10: Shabrina Shofie Ainayya | D10: Intermediate I | E10: PA | H10: =IF($B10<>"","Shintia Nur Fadillah","")
A11: =IF($B11<>"",ROW()-4,"") | B11: Svara Gendiswangi Putro | D11: Intermediate II | E11: PA | H11: =IF($B11<>"","Shintia Nur Fadillah","") | J11: Selasa
A12: =IF($B12<>"",ROW()-4,"") | B12: Qinara Azkadina Lukmansyah | D12: Beginner I | E12: PA | H12: =IF($B12<>"","Shintia Nur Fadillah","")
A13: =IF($B13<>"",ROW()-4,"") | B13: Quin Azzalea Lukmansyah | D13: Swim Team Prep | E13: Standalone | H13: =IF($B13<>"","Shintia Nur Fadillah","")
A14: =IF($B14<>"",ROW()-4,"") | B14: Zubair Albukhori Surenggane | D14: Advanced I | E14: PA | H14: =IF($B14<>"","Shintia Nur Fadillah","")
A15: =IF($B15<>"",ROW()-4,"") | H15: =IF($B15<>"","Shintia Nur Fadillah","")
A16: =IF($B16<>"",ROW()-4,"") | H16: =IF($B16<>"","Shintia Nur Fadillah","") | J16: Rabu
A17: =IF($B17<>"",ROW()-4,"") | H17: =IF($B17<>"","Shintia Nur Fadillah","")
A18: =IF($B18<>"",ROW()-4,"") | H18: =IF($B18<>"","Shintia Nur Fadillah","")
A19: =IF($B19<>"",ROW()-4,"") | H19: =IF($B19<>"","Shintia Nur Fadillah","")
A20: =IF($B20<>"",ROW()-4,"") | H20: =IF($B20<>"","Shintia Nur Fadillah","")
A21: =IF($B21<>"",ROW()-4,"") | H21: =IF($B21<>"","Shintia Nur Fadillah","") | J21: Kamis
A22: =IF($B22<>"",ROW()-4,"") | H22: =IF($B22<>"","Shintia Nur Fadillah","")
A23: =IF($B23<>"",ROW()-4,"") | H23: =IF($B23<>"","Shintia Nur Fadillah","")
A24: =IF($B24<>"",ROW()-4,"") | H24: =IF($B24<>"","Shintia Nur Fadillah","")
A25: =IF($B25<>"",ROW()-4,"") | H25: =IF($B25<>"","Shintia Nur Fadillah","")
A26: =IF($B26<>"",ROW()-4,"") | H26: =IF($B26<>"","Shintia Nur Fadillah","") | J26: Jumat
A27: =IF($B27<>"",ROW()-4,"") | H27: =IF($B27<>"","Shintia Nur Fadillah","")
A28: =IF($B28<>"",ROW()-4,"") | H28: =IF($B28<>"","Shintia Nur Fadillah","")
A29: =IF($B29<>"",ROW()-4,"") | H29: =IF($B29<>"","Shintia Nur Fadillah","")
A30: =IF($B30<>"",ROW()-4,"") | H30: =IF($B30<>"","Shintia Nur Fadillah","")
A31: =IF($B31<>"",ROW()-4,"") | H31: =IF($B31<>"","Shintia Nur Fadillah","") | J31: Sabtu
A32: =IF($B32<>"",ROW()-4,"") | H32: =IF($B32<>"","Shintia Nur Fadillah","")
A33: =IF($B33<>"",ROW()-4,"") | H33: =IF($B33<>"","Shintia Nur Fadillah","")
A34: =IF($B34<>"",ROW()-4,"") | H34: =IF($B34<>"","Shintia Nur Fadillah","")
A35: =IF($B35<>"",ROW()-4,"") | H35: =IF($B35<>"","Shintia Nur Fadillah","")
A36: =IF($B36<>"",ROW()-4,"") | H36: =IF($B36<>"","Shintia Nur Fadillah","")
A37: =IF($B37<>"",ROW()-4,"") | H37: =IF($B37<>"","Shintia Nur Fadillah","")
A38: =IF($B38<>"",ROW()-4,"") | H38: =IF($B38<>"","Shintia Nur Fadillah","")
A39: =IF($B39<>"",ROW()-4,"") | H39: =IF($B39<>"","Shintia Nur Fadillah","")
A40: =IF($B40<>"",ROW()-4,"") | H40: =IF($B40<>"","Shintia Nur Fadillah","")
A41: =IF($B41<>"",ROW()-4,"") | H41: =IF($B41<>"","Shintia Nur Fadillah","") | J41: Minggu
A42: =IF($B42<>"",ROW()-4,"") | H42: =IF($B42<>"","Shintia Nur Fadillah","")
A43: =IF($B43<>"",ROW()-4,"") | H43: =IF($B43<>"","Shintia Nur Fadillah","")
A44: =IF($B44<>"",ROW()-4,"") | H44: =IF($B44<>"","Shintia Nur Fadillah","")
A45: =IF($B45<>"",ROW()-4,"") | H45: =IF($B45<>"","Shintia Nur Fadillah","")
A46: =IF($B46<>"",ROW()-4,"") | H46: =IF($B46<>"","Shintia Nur Fadillah","")
A47: =IF($B47<>"",ROW()-4,"") | H47: =IF($B47<>"","Shintia Nur Fadillah","")
A48: =IF($B48<>"",ROW()-4,"") | H48: =IF($B48<>"","Shintia Nur Fadillah","")
A49: =IF($B49<>"",ROW()-4,"") | H49: =IF($B49<>"","Shintia Nur Fadillah","")
A50: =IF($B50<>"",ROW()-4,"") | H50: =IF($B50<>"","Shintia Nur Fadillah","")
A51: =IF($B51<>"",ROW()-4,"") | H51: =IF($B51<>"","Shintia Nur Fadillah","")
A52: =IF($B52<>"",ROW()-4,"") | H52: =IF($B52<>"","Shintia Nur Fadillah","")
A53: =IF($B53<>"",ROW()-4,"") | H53: =IF($B53<>"","Shintia Nur Fadillah","")
A54: =IF($B54<>"",ROW()-4,"") | H54: =IF($B54<>"","Shintia Nur Fadillah","")

Sheet Sinta Faoziah
A1: TWENTY SWIM - LEVEL SISWA & JADWAL LATIHAN (BANDUNG)
A2: Pelatih: Sinta Faoziah | D2: Terisi: | E2: =COUNTA($B$5:$B$54) | F2: siswa
A3: Isi kolom putih. Kolom berwarna = dropdown, tinggal pilih. No & Coach terisi otomatis.
A4: No | B4: Nama Siswa | C4: Program/Kelas | D4: Level Saat Ini | E4: Status | F4: Risiko | G4: Sosialisasi Keselamatan ke Ortu | H4: Coach | J4: JADWAL LATIHAN (Senin-Jumat 5 baris, Sabtu-Minggu 10 baris)
A5: =IF($B5<>"",ROW()-4,"") | B5: Arracelli Ratu Amecca | C5: Baby Swim | D5: Baby Swim II | E5: Standalone | H5: =IF($B5<>"","Sinta Faoziah","") | J5: Hari | K5: Jam | L5: Nama Siswa | M5: Lokasi (wilayah) | N5: Kolam
A6: =IF($B6<>"",ROW()-4,"") | B6: Moonella Racheline | D6: Aquatike I | E6: Standalone | H6: =IF($B6<>"","Sinta Faoziah","") | J6: Senin
A7: =IF($B7<>"",ROW()-4,"") | B7: Shafa Raihanah | D7: Preschool I | E7: Standalone | H7: =IF($B7<>"","Sinta Faoziah","")
A8: =IF($B8<>"",ROW()-4,"") | B8: Macayla Arasely Yula | D8: Beginner I | E8: Standalone | H8: =IF($B8<>"","Sinta Faoziah","")
A9: =IF($B9<>"",ROW()-4,"") | B9: Aleia Sheeva Nugraha | D9: Aquatike I | E9: Standalone | H9: =IF($B9<>"","Sinta Faoziah","")
A10: =IF($B10<>"",ROW()-4,"") | B10: Arabella Hanan Khadijah | C10: Baby Swim | D10: Baby Swim II | E10: Standalone | H10: =IF($B10<>"","Sinta Faoziah","")
A11: =IF($B11<>"",ROW()-4,"") | B11: Arumi Nadira Kurniawan | D11: Aquatike I | E11: Standalone | H11: =IF($B11<>"","Sinta Faoziah","") | J11: Selasa
A12: =IF($B12<>"",ROW()-4,"") | B12: Fiorenza Griselda Gunawan | D12: Intermediate I | E12: Standalone | H12: =IF($B12<>"","Sinta Faoziah","")
A13: =IF($B13<>"",ROW()-4,"") | B13: Aerilyn Feodora Marpaung | D13: Beginner II | E13: Standalone | H13: =IF($B13<>"","Sinta Faoziah","")
A14: =IF($B14<>"",ROW()-4,"") | B14: Anne Hediana Koesoemah | D14: Beginner I | E14: Standalone | H14: =IF($B14<>"","Sinta Faoziah","")
A15: =IF($B15<>"",ROW()-4,"") | B15: Abhiseva Abdurrasyid Fadhila | D15: Preschool I | E15: Standalone | H15: =IF($B15<>"","Sinta Faoziah","")
A16: =IF($B16<>"",ROW()-4,"") | B16: Gwen Alesha | D16: Preschool I | E16: Standalone | H16: =IF($B16<>"","Sinta Faoziah","") | J16: Rabu
A17: =IF($B17<>"",ROW()-4,"") | B17: Muhammad Gael | D17: Aquatike I | E17: Standalone | H17: =IF($B17<>"","Sinta Faoziah","")
A18: =IF($B18<>"",ROW()-4,"") | B18: Noordaffa | D18: Beginner II | E18: Standalone | H18: =IF($B18<>"","Sinta Faoziah","")
A19: =IF($B19<>"",ROW()-4,"") | B19: Naura Azzahra | D19: Preschool I | E19: Standalone | H19: =IF($B19<>"","Sinta Faoziah","")
A20: =IF($B20<>"",ROW()-4,"") | B20: Nayya | H20: =IF($B20<>"","Sinta Faoziah","")
A21: =IF($B21<>"",ROW()-4,"") | B21: Nita Henita Koesoemah | D21: Beginner I | E21: Standalone | H21: =IF($B21<>"","Sinta Faoziah","") | J21: Kamis
A22: =IF($B22<>"",ROW()-4,"") | B22: Medina Kanaya Inara | D22: Aquatike I | E22: Standalone | H22: =IF($B22<>"","Sinta Faoziah","")
A23: =IF($B23<>"",ROW()-4,"") | H23: =IF($B23<>"","Sinta Faoziah","")
A24: =IF($B24<>"",ROW()-4,"") | H24: =IF($B24<>"","Sinta Faoziah","")
A25: =IF($B25<>"",ROW()-4,"") | H25: =IF($B25<>"","Sinta Faoziah","")
A26: =IF($B26<>"",ROW()-4,"") | H26: =IF($B26<>"","Sinta Faoziah","") | J26: Jumat
A27: =IF($B27<>"",ROW()-4,"") | H27: =IF($B27<>"","Sinta Faoziah","")
A28: =IF($B28<>"",ROW()-4,"") | H28: =IF($B28<>"","Sinta Faoziah","")
A29: =IF($B29<>"",ROW()-4,"") | H29: =IF($B29<>"","Sinta Faoziah","")
A30: =IF($B30<>"",ROW()-4,"") | H30: =IF($B30<>"","Sinta Faoziah","")
A31: =IF($B31<>"",ROW()-4,"") | H31: =IF($B31<>"","Sinta Faoziah","") | J31: Sabtu
A32: =IF($B32<>"",ROW()-4,"") | H32: =IF($B32<>"","Sinta Faoziah","")
A33: =IF($B33<>"",ROW()-4,"") | H33: =IF($B33<>"","Sinta Faoziah","")
A34: =IF($B34<>"",ROW()-4,"") | H34: =IF($B34<>"","Sinta Faoziah","")
A35: =IF($B35<>"",ROW()-4,"") | H35: =IF($B35<>"","Sinta Faoziah","")
A36: =IF($B36<>"",ROW()-4,"") | H36: =IF($B36<>"","Sinta Faoziah","")
A37: =IF($B37<>"",ROW()-4,"") | H37: =IF($B37<>"","Sinta Faoziah","")
A38: =IF($B38<>"",ROW()-4,"") | H38: =IF($B38<>"","Sinta Faoziah","")
A39: =IF($B39<>"",ROW()-4,"") | H39: =IF($B39<>"","Sinta Faoziah","")
A40: =IF($B40<>"",ROW()-4,"") | H40: =IF($B40<>"","Sinta Faoziah","")
A41: =IF($B41<>"",ROW()-4,"") | H41: =IF($B41<>"","Sinta Faoziah","") | J41: Minggu
A42: =IF($B42<>"",ROW()-4,"") | H42: =IF($B42<>"","Sinta Faoziah","")
A43: =IF($B43<>"",ROW()-4,"") | H43: =IF($B43<>"","Sinta Faoziah","")
A44: =IF($B44<>"",ROW()-4,"") | H44: =IF($B44<>"","Sinta Faoziah","")
A45: =IF($B45<>"",ROW()-4,"") | H45: =IF($B45<>"","Sinta Faoziah","")
A46: =IF($B46<>"",ROW()-4,"") | H46: =IF($B46<>"","Sinta Faoziah","")
A47: =IF($B47<>"",ROW()-4,"") | H47: =IF($B47<>"","Sinta Faoziah","")
A48: =IF($B48<>"",ROW()-4,"") | H48: =IF($B48<>"","Sinta Faoziah","")
A49: =IF($B49<>"",ROW()-4,"") | H49: =IF($B49<>"","Sinta Faoziah","")
A50: =IF($B50<>"",ROW()-4,"") | H50: =IF($B50<>"","Sinta Faoziah","")
A51: =IF($B51<>"",ROW()-4,"") | H51: =IF($B51<>"","Sinta Faoziah","")
A52: =IF($B52<>"",ROW()-4,"") | H52: =IF($B52<>"","Sinta Faoziah","")
A53: =IF($B53<>"",ROW()-4,"") | H53: =IF($B53<>"","Sinta Faoziah","")
A54: =IF($B54<>"",ROW()-4,"") | H54: =IF($B54<>"","Sinta Faoziah","")

Sheet Tiara Anastasya Gumilar
A1: TWENTY SWIM - LEVEL SISWA & JADWAL LATIHAN (BANDUNG)
A2: Pelatih: Tiara Anastasya Gumilar | D2: Terisi: | E2: =COUNTA($B$5:$B$54) | F2: siswa
A3: Isi kolom putih. Kolom berwarna = dropdown, tinggal pilih. No & Coach terisi otomatis.
A4: No | B4: Nama Siswa | C4: Program/Kelas | D4: Level Saat Ini | E4: Status | F4: Risiko | G4: Sosialisasi Keselamatan ke Ortu | H4: Coach | J4: JADWAL LATIHAN (Senin-Jumat 5 baris, Sabtu-Minggu 10 baris)
A5: =IF($B5<>"",ROW()-4,"") | B5: Nakeisha Zeline Aulia | D5: Advanced I | H5: =IF($B5<>"","Tiara Anastasya Gumilar","") | J5: Hari | K5: Jam | L5: Nama Siswa | M5: Lokasi (wilayah) | N5: Kolam
A6: =IF($B6<>"",ROW()-4,"") | B6: Anindita Salwa Zelmira | D6: Beginner II | H6: =IF($B6<>"","Tiara Anastasya Gumilar","") | J6: Senin
A7: =IF($B7<>"",ROW()-4,"") | B7: Hilya Raudhatul Jannah | D7: Advanced I | H7: =IF($B7<>"","Tiara Anastasya Gumilar","")
A8: =IF($B8<>"",ROW()-4,"") | B8: Fayza Shakila Almira | D8: Advanced I | H8: =IF($B8<>"","Tiara Anastasya Gumilar","")
A9: =IF($B9<>"",ROW()-4,"") | B9: Muhammad Zayn Afkar Tsabit | D9: Intermediate II | H9: =IF($B9<>"","Tiara Anastasya Gumilar","")
A10: =IF($B10<>"",ROW()-4,"") | B10: Atharrazka Arsyanendra Rahman | D10: Beginner II | H10: =IF($B10<>"","Tiara Anastasya Gumilar","")
A11: =IF($B11<>"",ROW()-4,"") | B11: Arcilla Nura Valeeqa | D11: Aquatike III | H11: =IF($B11<>"","Tiara Anastasya Gumilar","") | J11: Selasa
A12: =IF($B12<>"",ROW()-4,"") | B12: alula jasmine z | D12: Intermediate II | H12: =IF($B12<>"","Tiara Anastasya Gumilar","")
A13: =IF($B13<>"",ROW()-4,"") | B13: azqiara shanum | D13: Intermediate I | H13: =IF($B13<>"","Tiara Anastasya Gumilar","")
A14: =IF($B14<>"",ROW()-4,"") | B14: khalif | D14: Advanced I | H14: =IF($B14<>"","Tiara Anastasya Gumilar","")
A15: =IF($B15<>"",ROW()-4,"") | B15: jasmin | D15: Intermediate II | H15: =IF($B15<>"","Tiara Anastasya Gumilar","")
A16: =IF($B16<>"",ROW()-4,"") | B16: rumaisha | D16: Intermediate I | H16: =IF($B16<>"","Tiara Anastasya Gumilar","") | J16: Rabu
A17: =IF($B17<>"",ROW()-4,"") | B17: shakeera | D17: Aquatike I | H17: =IF($B17<>"","Tiara Anastasya Gumilar","")
A18: =IF($B18<>"",ROW()-4,"") | B18: Hakeema Futih Kalonea | D18: Beginner II | H18: =IF($B18<>"","Tiara Anastasya Gumilar","")
A19: =IF($B19<>"",ROW()-4,"") | B19: nusantara | D19: Aquatike I | H19: =IF($B19<>"","Tiara Anastasya Gumilar","")
A20: =IF($B20<>"",ROW()-4,"") | H20: =IF($B20<>"","Tiara Anastasya Gumilar","")
A21: =IF($B21<>"",ROW()-4,"") | H21: =IF($B21<>"","Tiara Anastasya Gumilar","") | J21: Kamis
A22: =IF($B22<>"",ROW()-4,"") | H22: =IF($B22<>"","Tiara Anastasya Gumilar","")
A23: =IF($B23<>"",ROW()-4,"") | H23: =IF($B23<>"","Tiara Anastasya Gumilar","")
A24: =IF($B24<>"",ROW()-4,"") | H24: =IF($B24<>"","Tiara Anastasya Gumilar","")
A25: =IF($B25<>"",ROW()-4,"") | H25: =IF($B25<>"","Tiara Anastasya Gumilar","")
A26: =IF($B26<>"",ROW()-4,"") | H26: =IF($B26<>"","Tiara Anastasya Gumilar","") | J26: Jumat
A27: =IF($B27<>"",ROW()-4,"") | H27: =IF($B27<>"","Tiara Anastasya Gumilar","")
A28: =IF($B28<>"",ROW()-4,"") | H28: =IF($B28<>"","Tiara Anastasya Gumilar","")
A29: =IF($B29<>"",ROW()-4,"") | H29: =IF($B29<>"","Tiara Anastasya Gumilar","")
A30: =IF($B30<>"",ROW()-4,"") | H30: =IF($B30<>"","Tiara Anastasya Gumilar","")
A31: =IF($B31<>"",ROW()-4,"") | H31: =IF($B31<>"","Tiara Anastasya Gumilar","") | J31: Sabtu
A32: =IF($B32<>"",ROW()-4,"") | H32: =IF($B32<>"","Tiara Anastasya Gumilar","")
A33: =IF($B33<>"",ROW()-4,"") | H33: =IF($B33<>"","Tiara Anastasya Gumilar","")
A34: =IF($B34<>"",ROW()-4,"") | H34: =IF($B34<>"","Tiara Anastasya Gumilar","")
A35: =IF($B35<>"",ROW()-4,"") | H35: =IF($B35<>"","Tiara Anastasya Gumilar","")
A36: =IF($B36<>"",ROW()-4,"") | H36: =IF($B36<>"","Tiara Anastasya Gumilar","")
A37: =IF($B37<>"",ROW()-4,"") | H37: =IF($B37<>"","Tiara Anastasya Gumilar","")
A38: =IF($B38<>"",ROW()-4,"") | H38: =IF($B38<>"","Tiara Anastasya Gumilar","")
A39: =IF($B39<>"",ROW()-4,"") | H39: =IF($B39<>"","Tiara Anastasya Gumilar","")
A40: =IF($B40<>"",ROW()-4,"") | H40: =IF($B40<>"","Tiara Anastasya Gumilar","")
A41: =IF($B41<>"",ROW()-4,"") | H41: =IF($B41<>"","Tiara Anastasya Gumilar","") | J41: Minggu
A42: =IF($B42<>"",ROW()-4,"") | H42: =IF($B42<>"","Tiara Anastasya Gumilar","")
A43: =IF($B43<>"",ROW()-4,"") | H43: =IF($B43<>"","Tiara Anastasya Gumilar","")
A44: =IF($B44<>"",ROW()-4,"") | H44: =IF($B44<>"","Tiara Anastasya Gumilar","")
A45: =IF($B45<>"",ROW()-4,"") | H45: =IF($B45<>"","Tiara Anastasya Gumilar","")
A46: =IF($B46<>"",ROW()-4,"") | H46: =IF($B46<>"","Tiara Anastasya Gumilar","")
A47: =IF($B47<>"",ROW()-4,"") | H47: =IF($B47<>"","Tiara Anastasya Gumilar","")
A48: =IF($B48<>"",ROW()-4,"") | H48: =IF($B48<>"","Tiara Anastasya Gumilar","")
A49: =IF($B49<>"",ROW()-4,"") | H49: =IF($B49<>"","Tiara Anastasya Gumilar","")
A50: =IF($B50<>"",ROW()-4,"") | H50: =IF($B50<>"","Tiara Anastasya Gumilar","")
A51: =IF($B51<>"",ROW()-4,"") | H51: =IF($B51<>"","Tiara Anastasya Gumilar","")
A52: =IF($B52<>"",ROW()-4,"") | H52: =IF($B52<>"","Tiara Anastasya Gumilar","")
A53: =IF($B53<>"",ROW()-4,"") | H53: =IF($B53<>"","Tiara Anastasya Gumilar","")
A54: =IF($B54<>"",ROW()-4,"") | H54: =IF($B54<>"","Tiara Anastasya Gumilar","")

Sheet Tiara Maelani
A1: TWENTY SWIM - LEVEL SISWA & JADWAL LATIHAN (BANDUNG)
A2: Pelatih: Tiara Maelani | D2: Terisi: | E2: =COUNTA($B$5:$B$54) | F2: siswa
A3: Isi kolom putih. Kolom berwarna = dropdown, tinggal pilih. No & Coach terisi otomatis.
A4: No | B4: Nama Siswa | C4: Program/Kelas | D4: Level Saat Ini | E4: Status | F4: Risiko | G4: Sosialisasi Keselamatan ke Ortu | H4: Coach | J4: JADWAL LATIHAN (Senin-Jumat 5 baris, Sabtu-Minggu 10 baris)
A5: =IF($B5<>"",ROW()-4,"") | B5: Hakeema Futih Kalonea | D5: Beginner I | E5: PA | H5: =IF($B5<>"","Tiara Maelani","") | J5: Hari | K5: Jam | L5: Nama Siswa | M5: Lokasi (wilayah) | N5: Kolam
A6: =IF($B6<>"",ROW()-4,"") | B6: Ayudia Diera Islami | D6: Beginner II | E6: Standalone | H6: =IF($B6<>"","Tiara Maelani","") | J6: Senin
A7: =IF($B7<>"",ROW()-4,"") | B7: Muhammad Zayn | D7: Preschool I | E7: PA | H7: =IF($B7<>"","Tiara Maelani","")
A8: =IF($B8<>"",ROW()-4,"") | B8: Shanum Dhiya Putri Adji | D8: Beginner I | E8: Standalone | H8: =IF($B8<>"","Tiara Maelani","")
A9: =IF($B9<>"",ROW()-4,"") | B9: Yomi | D9: Preschool I | E9: PA | H9: =IF($B9<>"","Tiara Maelani","")
A10: =IF($B10<>"",ROW()-4,"") | B10: Runi Almahira Noor | D10: Preschool I | E10: Standalone | H10: =IF($B10<>"","Tiara Maelani","")
A11: =IF($B11<>"",ROW()-4,"") | B11: Aretha Wilasa | D11: Aquatike I | E11: PA | H11: =IF($B11<>"","Tiara Maelani","") | J11: Selasa
A12: =IF($B12<>"",ROW()-4,"") | B12: Rayna Rizkia Widyanata | D12: Beginner I | E12: PA | H12: =IF($B12<>"","Tiara Maelani","")
A13: =IF($B13<>"",ROW()-4,"") | B13: Aila Semesta Baskoro | D13: Beginner II | E13: Standalone | H13: =IF($B13<>"","Tiara Maelani","")
A14: =IF($B14<>"",ROW()-4,"") | B14: Aiza Semesta Baskoro | D14: Beginner I | E14: Standalone | H14: =IF($B14<>"","Tiara Maelani","")
A15: =IF($B15<>"",ROW()-4,"") | B15: Ilsa | D15: Aquatike I | E15: PA | H15: =IF($B15<>"","Tiara Maelani","")
A16: =IF($B16<>"",ROW()-4,"") | H16: =IF($B16<>"","Tiara Maelani","") | J16: Rabu
A17: =IF($B17<>"",ROW()-4,"") | H17: =IF($B17<>"","Tiara Maelani","")
A18: =IF($B18<>"",ROW()-4,"") | H18: =IF($B18<>"","Tiara Maelani","")
A19: =IF($B19<>"",ROW()-4,"") | H19: =IF($B19<>"","Tiara Maelani","")
A20: =IF($B20<>"",ROW()-4,"") | H20: =IF($B20<>"","Tiara Maelani","")
A21: =IF($B21<>"",ROW()-4,"") | H21: =IF($B21<>"","Tiara Maelani","") | J21: Kamis
A22: =IF($B22<>"",ROW()-4,"") | H22: =IF($B22<>"","Tiara Maelani","")
A23: =IF($B23<>"",ROW()-4,"") | H23: =IF($B23<>"","Tiara Maelani","")
A24: =IF($B24<>"",ROW()-4,"") | H24: =IF($B24<>"","Tiara Maelani","")
A25: =IF($B25<>"",ROW()-4,"") | H25: =IF($B25<>"","Tiara Maelani","")
A26: =IF($B26<>"",ROW()-4,"") | H26: =IF($B26<>"","Tiara Maelani","") | J26: Jumat
A27: =IF($B27<>"",ROW()-4,"") | H27: =IF($B27<>"","Tiara Maelani","")
A28: =IF($B28<>"",ROW()-4,"") | H28: =IF($B28<>"","Tiara Maelani","")
A29: =IF($B29<>"",ROW()-4,"") | H29: =IF($B29<>"","Tiara Maelani","")
A30: =IF($B30<>"",ROW()-4,"") | H30: =IF($B30<>"","Tiara Maelani","")
A31: =IF($B31<>"",ROW()-4,"") | H31: =IF($B31<>"","Tiara Maelani","") | J31: Sabtu
A32: =IF($B32<>"",ROW()-4,"") | H32: =IF($B32<>"","Tiara Maelani","")
A33: =IF($B33<>"",ROW()-4,"") | H33: =IF($B33<>"","Tiara Maelani","")
A34: =IF($B34<>"",ROW()-4,"") | H34: =IF($B34<>"","Tiara Maelani","")
A35: =IF($B35<>"",ROW()-4,"") | H35: =IF($B35<>"","Tiara Maelani","")
A36: =IF($B36<>"",ROW()-4,"") | H36: =IF($B36<>"","Tiara Maelani","")
A37: =IF($B37<>"",ROW()-4,"") | H37: =IF($B37<>"","Tiara Maelani","")
A38: =IF($B38<>"",ROW()-4,"") | H38: =IF($B38<>"","Tiara Maelani","")
A39: =IF($B39<>"",ROW()-4,"") | H39: =IF($B39<>"","Tiara Maelani","")
A40: =IF($B40<>"",ROW()-4,"") | H40: =IF($B40<>"","Tiara Maelani","")
A41: =IF($B41<>"",ROW()-4,"") | H41: =IF($B41<>"","Tiara Maelani","") | J41: Minggu
A42: =IF($B42<>"",ROW()-4,"") | H42: =IF($B42<>"","Tiara Maelani","")
A43: =IF($B43<>"",ROW()-4,"") | H43: =IF($B43<>"","Tiara Maelani","")
A44: =IF($B44<>"",ROW()-4,"") | H44: =IF($B44<>"","Tiara Maelani","")
A45: =IF($B45<>"",ROW()-4,"") | H45: =IF($B45<>"","Tiara Maelani","")
A46: =IF($B46<>"",ROW()-4,"") | H46: =IF($B46<>"","Tiara Maelani","")
A47: =IF($B47<>"",ROW()-4,"") | H47: =IF($B47<>"","Tiara Maelani","")
A48: =IF($B48<>"",ROW()-4,"") | H48: =IF($B48<>"","Tiara Maelani","")
A49: =IF($B49<>"",ROW()-4,"") | H49: =IF($B49<>"","Tiara Maelani","")
A50: =IF($B50<>"",ROW()-4,"") | H50: =IF($B50<>"","Tiara Maelani","")
A51: =IF($B51<>"",ROW()-4,"") | H51: =IF($B51<>"","Tiara Maelani","")
A52: =IF($B52<>"",ROW()-4,"") | H52: =IF($B52<>"","Tiara Maelani","")
A53: =IF($B53<>"",ROW()-4,"") | H53: =IF($B53<>"","Tiara Maelani","")
A54: =IF($B54<>"",ROW()-4,"") | H54: =IF($B54<>"","Tiara Maelani","")

Sheet DataMember
A1: Nama | B1: Coach | C1: Program | D1: Level | F1: Rumus di A2 menggabungkan 30 tab coach (SORT+FILTER, Google Sheets). Jangan diubah.
A2: =IFERROR(SORT(FILTER({'Aina Triyana Anggraini'!$B$5:$B$54,'Aina Triyana Anggraini'!$H$5:$H$54,'Aina Triyana Anggraini'!$C$5:$C$54,'Aina Triyana Anggraini'!$D$5:$D$54;'Aldi Suryadinata'!$B$5:$B$54,'Aldi Suryadinata'!$H$5:$H$54,'Aldi Suryadinata'!$C$5:$C$54,'Aldi Suryadinata'!$D$5:$D$54;'Asyahlan Hielmy'!$B$5:$B$54,'Asyahlan Hielmy'!$H$5:$H$54,'Asyahlan Hielmy'!$C$5:$C$54,'Asyahlan Hielmy'!$D$5:$D$54;'Asyira Nur Haida'!$B$5:$B$54,'Asyira Nur Haida'!$H$5:$H$54,'Asyira Nur Haida'!$C$5:$C$54,'Asyira Nur Haida'!$D$5:$D$54;'Bayu Rizki Alfarizi'!$B$5:$B$54,'Bayu Rizki Alfarizi'!$H$5:$H$54,'Bayu Rizki Alfarizi'!$C$5:$C$54,'Bayu Rizki Alfarizi'!$D$5:$D$54;'Chandanie Nely Agustin'!$B$5:$B$54,'Chandanie Nely Agustin'!$H$5:$H$54,'Chandanie Nely Agustin'!$C$5:$C$54,'Chandanie Nely Agustin'!$D$5:$D$54;'Dida Zein Risty'!$B$5:$B$54,'Dida Zein Risty'!$H$5:$H$54,'Dida Zein Risty'!$C$5:$C$54,'Dida Zein Risty'!$D$5:$D$54;'Fadil Rijatul Haq'!$B$5:$B$54,'Fadil Rijatul Haq'!$H$5:$H$54,'Fadil Rijatul Haq'!$C$5:$C$54,'Fadil Rijatul Haq'!$D$5:$D$54;'Faega Fitriani Dwi Putri'!$B$5:$B$54,'Faega Fitriani Dwi Putri'!$H$5:$H$54,'Faega Fitriani Dwi Putri'!$C$5:$C$54,'Faega Fitriani Dwi Putri'!$D$5:$D$54;'Fajri Rizki Robbani'!$B$5:$B$54,'Fajri Rizki Robbani'!$H$5:$H$54,'Fajri Rizki Robbani'!$C$5:$C$54,'Fajri Rizki Robbani'!$D$5:$D$54;'Fakhri Safrudin Sopandi'!$B$5:$B$54,'Fakhri Safrudin Sopandi'!$H$5:$H$54,'Fakhri Safrudin Sopandi'!$C$5:$C$54,'Fakhri Safrudin Sopandi'!$D$5:$D$54;'Moh. Rizky Nugraha'!$B$5:$B$54,'Moh. Rizky Nugraha'!$H$5:$H$54,'Moh. Rizky Nugraha'!$C$5:$C$54,'Moh. Rizky Nugraha'!$D$5:$D$54;'Muhammad Akbar Putra'!$B$5:$B$54,'Muhammad Akbar Putra'!$H$5:$H$54,'Muhammad Akbar Putra'!$C$5:$C$54,'Muhammad Akbar Putra'!$D$5:$D$54;'Muhammad Hafidz Ramadhan'!$B$5:$B$54,'Muhammad Hafidz Ramadhan'!$H$5:$H$54,'Muhammad Hafidz Ramadhan'!$C$5:$C$54,'Muhammad Hafidz Ramadhan'!$D$5:$D$54;'Muhammad Lutfhi Mubarrok'!$B$5:$B$54,'Muhammad Lutfhi Mubarrok'!$H$5:$H$54,'Muhammad Lutfhi Mubarrok'!$C$5:$C$54,'Muhammad Lutfhi Mubarrok'!$D$5:$D$54;'Muhammad Nadhira Shafar'!$B$5:$B$54,'Muhammad Nadhira Shafar'!$H$5:$H$54,'Muhammad Nadhira Shafar'!$C$5:$C$54,'Muhammad Nadhira Shafar'!$D$5:$D$54;'Muhammad Rafi Fakhrul Aiman'!$B$5:$B$54,'Muhammad Rafi Fakhrul Aiman'!$H$5:$H$54,'Muhammad Rafi Fakhrul Aiman'!$C$5:$C$54,'Muhammad Rafi Fakhrul Aiman'!$D$5:$D$54;'Muhammad Reyvin Aryaguna'!$B$5:$B$54,'Muhammad Reyvin Aryaguna'!$H$5:$H$54,'Muhammad Reyvin Aryaguna'!$C$5:$C$54,'Muhammad Reyvin Aryaguna'!$D$5:$D$54;'Nadzar Akbar Subagja'!$B$5:$B$54,'Nadzar Akbar Subagja'!$H$5:$H$54,'Nadzar Akbar Subagja'!$C$5:$C$54,'Nadzar Akbar Subagja'!$D$5:$D$54;'Najwan Muhammad Ghalib'!$B$5:$B$54,'Najwan Muhammad Ghalib'!$H$5:$H$54,'Najwan Muhammad Ghalib'!$C$5:$C$54,'Najwan Muhammad Ghalib'!$D$5:$D$54;'Nia Rizkiyanti'!$B$5:$B$54,'Nia Rizkiyanti'!$H$5:$H$54,'Nia Rizkiyanti'!$C$5:$C$54,'Nia Rizkiyanti'!$D$5:$D$54;'Nur Ainillah Nabawi'!$B$5:$B$54,'Nur Ainillah Nabawi'!$H$5:$H$54,'Nur Ainillah Nabawi'!$C$5:$C$54,'Nur Ainillah Nabawi'!$D$5:$D$54;'Nurul Khairunnissa'!$B$5:$B$54,'Nurul Khairunnissa'!$H$5:$H$54,'Nurul Khairunnissa'!$C$5:$C$54,'Nurul Khairunnissa'!$D$5:$D$54;'Putri Maharani'!$B$5:$B$54,'Putri Maharani'!$H$5:$H$54,'Putri Maharani'!$C$5:$C$54,'Putri Maharani'!$D$5:$D$54;'Rika Kartika'!$B$5:$B$54,'Rika Kartika'!$H$5:$H$54,'Rika Kartika'!$C$5:$C$54,'Rika Kartika'!$D$5:$D$54;'Riva Nur Fathiya Safitri'!$B$5:$B$54,'Riva Nur Fathiya Safitri'!$H$5:$H$54,'Riva Nur Fathiya Safitri'!$C$5:$C$54,'Riva Nur Fathiya Safitri'!$D$5:$D$54;'Shintia Nur Fadillah'!$B$5:$B$54,'Shintia Nur Fadillah'!$H$5:$H$54,'Shintia Nur Fadillah'!$C$5:$C$54,'Shintia Nur Fadillah'!$D$5:$D$54;'Sinta Faoziah'!$B$5:$B$54,'Sinta Faoziah'!$H$5:$H$54,'Sinta Faoziah'!$C$5:$C$54,'Sinta Faoziah'!$D$5:$D$54;'Tiara Anastasya Gumilar'!$B$5:$B$54,'Tiara Anastasya Gumilar'!$H$5:$H$54,'Tiara Anastasya Gumilar'!$C$5:$C$54,'Tiara Anastasya Gumilar'!$D$5:$D$54;'Tiara Maelani'!$B$5:$B$54,'Tiara Maelani'!$H$5:$H$54,'Tiara Maelani'!$C$5:$C$54,'Tiara Maelani'!$D$5:$D$54},{'Aina Triyana Anggraini'!$B$5:$B$54;'Aldi Suryadinata'!$B$5:$B$54;'Asyahlan Hielmy'!$B$5:$B$54;'Asyira Nur Haida'!$B$5:$B$54;'Bayu Rizki Alfarizi'!$B$5:$B$54;'Chandanie Nely Agustin'!$B$5:$B$54;'Dida Zein Risty'!$B$5:$B$54;'Fadil Rijatul Haq'!$B$5:$B$54;'Faega Fitriani Dwi Putri'!$B$5:$B$54;'Fajri Rizki Robbani'!$B$5:$B$54;'Fakhri Safrudin Sopandi'!$B$5:$B$54;'Moh. Rizky Nugraha'!$B$5:$B$54;'Muhammad Akbar Putra'!$B$5:$B$54;'Muhammad Hafidz Ramadhan'!$B$5:$B$54;'Muhammad Lutfhi Mubarrok'!$B$5:$B$54;'Muhammad Nadhira Shafar'!$B$5:$B$54;'Muhammad Rafi Fakhrul Aiman'!$B$5:$B$54;'Muhammad Reyvin Aryaguna'!$B$5:$B$54;'Nadzar Akbar Subagja'!$B$5:$B$54;'Najwan Muhammad Ghalib'!$B$5:$B$54;'Nia Rizkiyanti'!$B$5:$B$54;'Nur Ainillah Nabawi'!$B$5:$B$54;'Nurul Khairunnissa'!$B$5:$B$54;'Putri Maharani'!$B$5:$B$54;'Rika Kartika'!$B$5:$B$54;'Riva Nur Fathiya Safitri'!$B$5:$B$54;'Shintia Nur Fadillah'!$B$5:$B$54;'Sinta Faoziah'!$B$5:$B$54;'Tiara Anastasya Gumilar'!$B$5:$B$54;'Tiara Maelani'!$B$5:$B$54}<>""),1,TRUE),"")

Sheet Data Dashboard
A1: SUMBER DATA DASHBOARD - otomatis dari 30 tab coach, jangan diubah manual
A3: Level SSI | B3: Siswa | D3: Program/Kelas | E3: Siswa | G3: Risiko | H3: Siswa | J3: Lokasi (jadwal) | K3: Sesi | M3: Kolam (jadwal) | N3: Sesi | P3: Coach (semua) | Q3: Siswa | R3: skor | T3: Top 8 Coach | U3: Siswa | V3: skor
A4: Baby Swim I | B4: =COUNTIF('Aina Triyana Anggraini'!$D$5:$D$54,$A4)+COUNTIF('Aldi Suryadinata'!$D$5:$D$54,$A4)+COUNTIF('Asyahlan Hielmy'!$D$5:$D$54,$A4)+COUNTIF('Asyira Nur Haida'!$D$5:$D$54,$A4)+COUNTIF('Bayu Rizki Alfarizi'!$D$5:$D$54,$A4)+COUNTIF('Chandanie Nely Agustin'!$D$5:$D$54,$A4)+COUNTIF('Dida Zein Risty'!$D$5:$D$54,$A4)+COUNTIF('Fadil Rijatul Haq'!$D$5:$D$54,$A4)+COUNTIF('Faega Fitriani Dwi Putri'!$D$5:$D$54,$A4)+COUNTIF('Fajri Rizki Robbani'!$D$5:$D$54,$A4)+COUNTIF('Fakhri Safrudin Sopandi'!$D$5:$D$54,$A4)+COUNTIF('Moh. Rizky Nugraha'!$D$5:$D$54,$A4)+COUNTIF('Muhammad Akbar Putra'!$D$5:$D$54,$A4)+COUNTIF('Muhammad Hafidz Ramadhan'!$D$5:$D$54,$A4)+COUNTIF('Muhammad Lutfhi Mubarrok'!$D$5:$D$54,$A4)+COUNTIF('Muhammad Nadhira Shafar'!$D$5:$D$54,$A4)+COUNTIF('Muhammad Rafi Fakhrul Aiman'!$D$5:$D$54,$A4)+COUNTIF('Muhammad Reyvin Aryaguna'!$D$5:$D$54,$A4)+COUNTIF('Nadzar Akbar Subagja'!$D$5:$D$54,$A4)+COUNTIF('Najwan Muhammad Ghalib'!$D$5:$D$54,$A4)+COUNTIF('Nia Rizkiyanti'!$D$5:$D$54,$A4)+COUNTIF('Nur Ainillah Nabawi'!$D$5:$D$54,$A4)+COUNTIF('Nurul Khairunnissa'!$D$5:$D$54,$A4)+COUNTIF('Putri Maharani'!$D$5:$D$54,$A4)+COUNTIF('Rika Kartika'!$D$5:$D$54,$A4)+COUNTIF('Riva Nur Fathiya Safitri'!$D$5:$D$54,$A4)+COUNTIF('Shintia Nur Fadillah'!$D$5:$D$54,$A4)+COUNTIF('Sinta Faoziah'!$D$5:$D$54,$A4)+COUNTIF('Tiara Anastasya Gumilar'!$D$5:$D$54,$A4)+COUNTIF('Tiara Maelani'!$D$5:$D$54,$A4) | D4: Private Class | E4: =COUNTIF('Aina Triyana Anggraini'!$C$5:$C$54,$D4)+COUNTIF('Aldi Suryadinata'!$C$5:$C$54,$D4)+COUNTIF('Asyahlan Hielmy'!$C$5:$C$54,$D4)+COUNTIF('Asyira Nur Haida'!$C$5:$C$54,$D4)+COUNTIF('Bayu Rizki Alfarizi'!$C$5:$C$54,$D4)+COUNTIF('Chandanie Nely Agustin'!$C$5:$C$54,$D4)+COUNTIF('Dida Zein Risty'!$C$5:$C$54,$D4)+COUNTIF('Fadil Rijatul Haq'!$C$5:$C$54,$D4)+COUNTIF('Faega Fitriani Dwi Putri'!$C$5:$C$54,$D4)+COUNTIF('Fajri Rizki Robbani'!$C$5:$C$54,$D4)+COUNTIF('Fakhri Safrudin Sopandi'!$C$5:$C$54,$D4)+COUNTIF('Moh. Rizky Nugraha'!$C$5:$C$54,$D4)+COUNTIF('Muhammad Akbar Putra'!$C$5:$C$54,$D4)+COUNTIF('Muhammad Hafidz Ramadhan'!$C$5:$C$54,$D4)+COUNTIF('Muhammad Lutfhi Mubarrok'!$C$5:$C$54,$D4)+COUNTIF('Muhammad Nadhira Shafar'!$C$5:$C$54,$D4)+COUNTIF('Muhammad Rafi Fakhrul Aiman'!$C$5:$C$54,$D4)+COUNTIF('Muhammad Reyvin Aryaguna'!$C$5:$C$54,$D4)+COUNTIF('Nadzar Akbar Subagja'!$C$5:$C$54,$D4)+COUNTIF('Najwan Muhammad Ghalib'!$C$5:$C$54,$D4)+COUNTIF('Nia Rizkiyanti'!$C$5:$C$54,$D4)+COUNTIF('Nur Ainillah Nabawi'!$C$5:$C$54,$D4)+COUNTIF('Nurul Khairunnissa'!$C$5:$C$54,$D4)+COUNTIF('Putri Maharani'!$C$5:$C$54,$D4)+COUNTIF('Rika Kartika'!$C$5:$C$54,$D4)+COUNTIF('Riva Nur Fathiya Safitri'!$C$5:$C$54,$D4)+COUNTIF('Shintia Nur Fadillah'!$C$5:$C$54,$D4)+COUNTIF('Sinta Faoziah'!$C$5:$C$54,$D4)+COUNTIF('Tiara Anastasya Gumilar'!$C$5:$C$54,$D4)+COUNTIF('Tiara Maelani'!$C$5:$C$54,$D4) | G4: Rendah | H4: =COUNTIF('Aina Triyana Anggraini'!$F$5:$F$54,$G4)+COUNTIF('Aldi Suryadinata'!$F$5:$F$54,$G4)+COUNTIF('Asyahlan Hielmy'!$F$5:$F$54,$G4)+COUNTIF('Asyira Nur Haida'!$F$5:$F$54,$G4)+COUNTIF('Bayu Rizki Alfarizi'!$F$5:$F$54,$G4)+COUNTIF('Chandanie Nely Agustin'!$F$5:$F$54,$G4)+COUNTIF('Dida Zein Risty'!$F$5:$F$54,$G4)+COUNTIF('Fadil Rijatul Haq'!$F$5:$F$54,$G4)+COUNTIF('Faega Fitriani Dwi Putri'!$F$5:$F$54,$G4)+COUNTIF('Fajri Rizki Robbani'!$F$5:$F$54,$G4)+COUNTIF('Fakhri Safrudin Sopandi'!$F$5:$F$54,$G4)+COUNTIF('Moh. Rizky Nugraha'!$F$5:$F$54,$G4)+COUNTIF('Muhammad Akbar Putra'!$F$5:$F$54,$G4)+COUNTIF('Muhammad Hafidz Ramadhan'!$F$5:$F$54,$G4)+COUNTIF('Muhammad Lutfhi Mubarrok'!$F$5:$F$54,$G4)+COUNTIF('Muhammad Nadhira Shafar'!$F$5:$F$54,$G4)+COUNTIF('Muhammad Rafi Fakhrul Aiman'!$F$5:$F$54,$G4)+COUNTIF('Muhammad Reyvin Aryaguna'!$F$5:$F$54,$G4)+COUNTIF('Nadzar Akbar Subagja'!$F$5:$F$54,$G4)+COUNTIF('Najwan Muhammad Ghalib'!$F$5:$F$54,$G4)+COUNTIF('Nia Rizkiyanti'!$F$5:$F$54,$G4)+COUNTIF('Nur Ainillah Nabawi'!$F$5:$F$54,$G4)+COUNTIF('Nurul Khairunnissa'!$F$5:$F$54,$G4)+COUNTIF('Putri Maharani'!$F$5:$F$54,$G4)+COUNTIF('Rika Kartika'!$F$5:$F$54,$G4)+COUNTIF('Riva Nur Fathiya Safitri'!$F$5:$F$54,$G4)+COUNTIF('Shintia Nur Fadillah'!$F$5:$F$54,$G4)+COUNTIF('Sinta Faoziah'!$F$5:$F$54,$G4)+COUNTIF('Tiara Anastasya Gumilar'!$F$5:$F$54,$G4)+COUNTIF('Tiara Maelani'!$F$5:$F$54,$G4) | J4: Bandung Kota | K4: =COUNTIF('Aina Triyana Anggraini'!$M$6:$M$50,$J4)+COUNTIF('Aldi Suryadinata'!$M$6:$M$50,$J4)+COUNTIF('Asyahlan Hielmy'!$M$6:$M$50,$J4)+COUNTIF('Asyira Nur Haida'!$M$6:$M$50,$J4)+COUNTIF('Bayu Rizki Alfarizi'!$M$6:$M$50,$J4)+COUNTIF('Chandanie Nely Agustin'!$M$6:$M$50,$J4)+COUNTIF('Dida Zein Risty'!$M$6:$M$50,$J4)+COUNTIF('Fadil Rijatul Haq'!$M$6:$M$50,$J4)+COUNTIF('Faega Fitriani Dwi Putri'!$M$6:$M$50,$J4)+COUNTIF('Fajri Rizki Robbani'!$M$6:$M$50,$J4)+COUNTIF('Fakhri Safrudin Sopandi'!$M$6:$M$50,$J4)+COUNTIF('Moh. Rizky Nugraha'!$M$6:$M$50,$J4)+COUNTIF('Muhammad Akbar Putra'!$M$6:$M$50,$J4)+COUNTIF('Muhammad Hafidz Ramadhan'!$M$6:$M$50,$J4)+COUNTIF('Muhammad Lutfhi Mubarrok'!$M$6:$M$50,$J4)+COUNTIF('Muhammad Nadhira Shafar'!$M$6:$M$50,$J4)+COUNTIF('Muhammad Rafi Fakhrul Aiman'!$M$6:$M$50,$J4)+COUNTIF('Muhammad Reyvin Aryaguna'!$M$6:$M$50,$J4)+COUNTIF('Nadzar Akbar Subagja'!$M$6:$M$50,$J4)+COUNTIF('Najwan Muhammad Ghalib'!$M$6:$M$50,$J4)+COUNTIF('Nia Rizkiyanti'!$M$6:$M$50,$J4)+COUNTIF('Nur Ainillah Nabawi'!$M$6:$M$50,$J4)+COUNTIF('Nurul Khairunnissa'!$M$6:$M$50,$J4)+COUNTIF('Putri Maharani'!$M$6:$M$50,$J4)+COUNTIF('Rika Kartika'!$M$6:$M$50,$J4)+COUNTIF('Riva Nur Fathiya Safitri'!$M$6:$M$50,$J4)+COUNTIF('Shintia Nur Fadillah'!$M$6:$M$50,$J4)+COUNTIF('Sinta Faoziah'!$M$6:$M$50,$J4)+COUNTIF('Tiara Anastasya Gumilar'!$M$6:$M$50,$J4)+COUNTIF('Tiara Maelani'!$M$6:$M$50,$J4) | M4: BSD Bandung (Riung Mekar) | N4: =COUNTIF('Aina Triyana Anggraini'!$N$6:$N$50,$M4)+COUNTIF('Aldi Suryadinata'!$N$6:$N$50,$M4)+COUNTIF('Asyahlan Hielmy'!$N$6:$N$50,$M4)+COUNTIF('Asyira Nur Haida'!$N$6:$N$50,$M4)+COUNTIF('Bayu Rizki Alfarizi'!$N$6:$N$50,$M4)+COUNTIF('Chandanie Nely Agustin'!$N$6:$N$50,$M4)+COUNTIF('Dida Zein Risty'!$N$6:$N$50,$M4)+COUNTIF('Fadil Rijatul Haq'!$N$6:$N$50,$M4)+COUNTIF('Faega Fitriani Dwi Putri'!$N$6:$N$50,$M4)+COUNTIF('Fajri Rizki Robbani'!$N$6:$N$50,$M4)+COUNTIF('Fakhri Safrudin Sopandi'!$N$6:$N$50,$M4)+COUNTIF('Moh. Rizky Nugraha'!$N$6:$N$50,$M4)+COUNTIF('Muhammad Akbar Putra'!$N$6:$N$50,$M4)+COUNTIF('Muhammad Hafidz Ramadhan'!$N$6:$N$50,$M4)+COUNTIF('Muhammad Lutfhi Mubarrok'!$N$6:$N$50,$M4)+COUNTIF('Muhammad Nadhira Shafar'!$N$6:$N$50,$M4)+COUNTIF('Muhammad Rafi Fakhrul Aiman'!$N$6:$N$50,$M4)+COUNTIF('Muhammad Reyvin Aryaguna'!$N$6:$N$50,$M4)+COUNTIF('Nadzar Akbar Subagja'!$N$6:$N$50,$M4)+COUNTIF('Najwan Muhammad Ghalib'!$N$6:$N$50,$M4)+COUNTIF('Nia Rizkiyanti'!$N$6:$N$50,$M4)+COUNTIF('Nur Ainillah Nabawi'!$N$6:$N$50,$M4)+COUNTIF('Nurul Khairunnissa'!$N$6:$N$50,$M4)+COUNTIF('Putri Maharani'!$N$6:$N$50,$M4)+COUNTIF('Rika Kartika'!$N$6:$N$50,$M4)+COUNTIF('Riva Nur Fathiya Safitri'!$N$6:$N$50,$M4)+COUNTIF('Shintia Nur Fadillah'!$N$6:$N$50,$M4)+COUNTIF('Sinta Faoziah'!$N$6:$N$50,$M4)+COUNTIF('Tiara Anastasya Gumilar'!$N$6:$N$50,$M4)+COUNTIF('Tiara Maelani'!$N$6:$N$50,$M4) | P4: Aina Triyana Anggraini | Q4: =COUNTA('Aina Triyana Anggraini'!$B$5:$B$54) | R4: =Q4+ROW()/100000 | T4: =INDEX($P$4:$P$33,MATCH(V4,$R$4:$R$33,0)) | U4: =INDEX($Q$4:$Q$33,MATCH(V4,$R$4:$R$33,0)) | V4: =LARGE($R$4:$R$33,1)
A5: Baby Swim II | B5: =COUNTIF('Aina Triyana Anggraini'!$D$5:$D$54,$A5)+COUNTIF('Aldi Suryadinata'!$D$5:$D$54,$A5)+COUNTIF('Asyahlan Hielmy'!$D$5:$D$54,$A5)+COUNTIF('Asyira Nur Haida'!$D$5:$D$54,$A5)+COUNTIF('Bayu Rizki Alfarizi'!$D$5:$D$54,$A5)+COUNTIF('Chandanie Nely Agustin'!$D$5:$D$54,$A5)+COUNTIF('Dida Zein Risty'!$D$5:$D$54,$A5)+COUNTIF('Fadil Rijatul Haq'!$D$5:$D$54,$A5)+COUNTIF('Faega Fitriani Dwi Putri'!$D$5:$D$54,$A5)+COUNTIF('Fajri Rizki Robbani'!$D$5:$D$54,$A5)+COUNTIF('Fakhri Safrudin Sopandi'!$D$5:$D$54,$A5)+COUNTIF('Moh. Rizky Nugraha'!$D$5:$D$54,$A5)+COUNTIF('Muhammad Akbar Putra'!$D$5:$D$54,$A5)+COUNTIF('Muhammad Hafidz Ramadhan'!$D$5:$D$54,$A5)+COUNTIF('Muhammad Lutfhi Mubarrok'!$D$5:$D$54,$A5)+COUNTIF('Muhammad Nadhira Shafar'!$D$5:$D$54,$A5)+COUNTIF('Muhammad Rafi Fakhrul Aiman'!$D$5:$D$54,$A5)+COUNTIF('Muhammad Reyvin Aryaguna'!$D$5:$D$54,$A5)+COUNTIF('Nadzar Akbar Subagja'!$D$5:$D$54,$A5)+COUNTIF('Najwan Muhammad Ghalib'!$D$5:$D$54,$A5)+COUNTIF('Nia Rizkiyanti'!$D$5:$D$54,$A5)+COUNTIF('Nur Ainillah Nabawi'!$D$5:$D$54,$A5)+COUNTIF('Nurul Khairunnissa'!$D$5:$D$54,$A5)+COUNTIF('Putri Maharani'!$D$5:$D$54,$A5)+COUNTIF('Rika Kartika'!$D$5:$D$54,$A5)+COUNTIF('Riva Nur Fathiya Safitri'!$D$5:$D$54,$A5)+COUNTIF('Shintia Nur Fadillah'!$D$5:$D$54,$A5)+COUNTIF('Sinta Faoziah'!$D$5:$D$54,$A5)+COUNTIF('Tiara Anastasya Gumilar'!$D$5:$D$54,$A5)+COUNTIF('Tiara Maelani'!$D$5:$D$54,$A5) | D5: Couple Class | E5: =COUNTIF('Aina Triyana Anggraini'!$C$5:$C$54,$D5)+COUNTIF('Aldi Suryadinata'!$C$5:$C$54,$D5)+COUNTIF('Asyahlan Hielmy'!$C$5:$C$54,$D5)+COUNTIF('Asyira Nur Haida'!$C$5:$C$54,$D5)+COUNTIF('Bayu Rizki Alfarizi'!$C$5:$C$54,$D5)+COUNTIF('Chandanie Nely Agustin'!$C$5:$C$54,$D5)+COUNTIF('Dida Zein Risty'!$C$5:$C$54,$D5)+COUNTIF('Fadil Rijatul Haq'!$C$5:$C$54,$D5)+COUNTIF('Faega Fitriani Dwi Putri'!$C$5:$C$54,$D5)+COUNTIF('Fajri Rizki Robbani'!$C$5:$C$54,$D5)+COUNTIF('Fakhri Safrudin Sopandi'!$C$5:$C$54,$D5)+COUNTIF('Moh. Rizky Nugraha'!$C$5:$C$54,$D5)+COUNTIF('Muhammad Akbar Putra'!$C$5:$C$54,$D5)+COUNTIF('Muhammad Hafidz Ramadhan'!$C$5:$C$54,$D5)+COUNTIF('Muhammad Lutfhi Mubarrok'!$C$5:$C$54,$D5)+COUNTIF('Muhammad Nadhira Shafar'!$C$5:$C$54,$D5)+COUNTIF('Muhammad Rafi Fakhrul Aiman'!$C$5:$C$54,$D5)+COUNTIF('Muhammad Reyvin Aryaguna'!$C$5:$C$54,$D5)+COUNTIF('Nadzar Akbar Subagja'!$C$5:$C$54,$D5)+COUNTIF('Najwan Muhammad Ghalib'!$C$5:$C$54,$D5)+COUNTIF('Nia Rizkiyanti'!$C$5:$C$54,$D5)+COUNTIF('Nur Ainillah Nabawi'!$C$5:$C$54,$D5)+COUNTIF('Nurul Khairunnissa'!$C$5:$C$54,$D5)+COUNTIF('Putri Maharani'!$C$5:$C$54,$D5)+COUNTIF('Rika Kartika'!$C$5:$C$54,$D5)+COUNTIF('Riva Nur Fathiya Safitri'!$C$5:$C$54,$D5)+COUNTIF('Shintia Nur Fadillah'!$C$5:$C$54,$D5)+COUNTIF('Sinta Faoziah'!$C$5:$C$54,$D5)+COUNTIF('Tiara Anastasya Gumilar'!$C$5:$C$54,$D5)+COUNTIF('Tiara Maelani'!$C$5:$C$54,$D5) | G5: Sedang | H5: =COUNTIF('Aina Triyana Anggraini'!$F$5:$F$54,$G5)+COUNTIF('Aldi Suryadinata'!$F$5:$F$54,$G5)+COUNTIF('Asyahlan Hielmy'!$F$5:$F$54,$G5)+COUNTIF('Asyira Nur Haida'!$F$5:$F$54,$G5)+COUNTIF('Bayu Rizki Alfarizi'!$F$5:$F$54,$G5)+COUNTIF('Chandanie Nely Agustin'!$F$5:$F$54,$G5)+COUNTIF('Dida Zein Risty'!$F$5:$F$54,$G5)+COUNTIF('Fadil Rijatul Haq'!$F$5:$F$54,$G5)+COUNTIF('Faega Fitriani Dwi Putri'!$F$5:$F$54,$G5)+COUNTIF('Fajri Rizki Robbani'!$F$5:$F$54,$G5)+COUNTIF('Fakhri Safrudin Sopandi'!$F$5:$F$54,$G5)+COUNTIF('Moh. Rizky Nugraha'!$F$5:$F$54,$G5)+COUNTIF('Muhammad Akbar Putra'!$F$5:$F$54,$G5)+COUNTIF('Muhammad Hafidz Ramadhan'!$F$5:$F$54,$G5)+COUNTIF('Muhammad Lutfhi Mubarrok'!$F$5:$F$54,$G5)+COUNTIF('Muhammad Nadhira Shafar'!$F$5:$F$54,$G5)+COUNTIF('Muhammad Rafi Fakhrul Aiman'!$F$5:$F$54,$G5)+COUNTIF('Muhammad Reyvin Aryaguna'!$F$5:$F$54,$G5)+COUNTIF('Nadzar Akbar Subagja'!$F$5:$F$54,$G5)+COUNTIF('Najwan Muhammad Ghalib'!$F$5:$F$54,$G5)+COUNTIF('Nia Rizkiyanti'!$F$5:$F$54,$G5)+COUNTIF('Nur Ainillah Nabawi'!$F$5:$F$54,$G5)+COUNTIF('Nurul Khairunnissa'!$F$5:$F$54,$G5)+COUNTIF('Putri Maharani'!$F$5:$F$54,$G5)+COUNTIF('Rika Kartika'!$F$5:$F$54,$G5)+COUNTIF('Riva Nur Fathiya Safitri'!$F$5:$F$54,$G5)+COUNTIF('Shintia Nur Fadillah'!$F$5:$F$54,$G5)+COUNTIF('Sinta Faoziah'!$F$5:$F$54,$G5)+COUNTIF('Tiara Anastasya Gumilar'!$F$5:$F$54,$G5)+COUNTIF('Tiara Maelani'!$F$5:$F$54,$G5) | J5: Bandung Utara | K5: =COUNTIF('Aina Triyana Anggraini'!$M$6:$M$50,$J5)+COUNTIF('Aldi Suryadinata'!$M$6:$M$50,$J5)+COUNTIF('Asyahlan Hielmy'!$M$6:$M$50,$J5)+COUNTIF('Asyira Nur Haida'!$M$6:$M$50,$J5)+COUNTIF('Bayu Rizki Alfarizi'!$M$6:$M$50,$J5)+COUNTIF('Chandanie Nely Agustin'!$M$6:$M$50,$J5)+COUNTIF('Dida Zein Risty'!$M$6:$M$50,$J5)+COUNTIF('Fadil Rijatul Haq'!$M$6:$M$50,$J5)+COUNTIF('Faega Fitriani Dwi Putri'!$M$6:$M$50,$J5)+COUNTIF('Fajri Rizki Robbani'!$M$6:$M$50,$J5)+COUNTIF('Fakhri Safrudin Sopandi'!$M$6:$M$50,$J5)+COUNTIF('Moh. Rizky Nugraha'!$M$6:$M$50,$J5)+COUNTIF('Muhammad Akbar Putra'!$M$6:$M$50,$J5)+COUNTIF('Muhammad Hafidz Ramadhan'!$M$6:$M$50,$J5)+COUNTIF('Muhammad Lutfhi Mubarrok'!$M$6:$M$50,$J5)+COUNTIF('Muhammad Nadhira Shafar'!$M$6:$M$50,$J5)+COUNTIF('Muhammad Rafi Fakhrul Aiman'!$M$6:$M$50,$J5)+COUNTIF('Muhammad Reyvin Aryaguna'!$M$6:$M$50,$J5)+COUNTIF('Nadzar Akbar Subagja'!$M$6:$M$50,$J5)+COUNTIF('Najwan Muhammad Ghalib'!$M$6:$M$50,$J5)+COUNTIF('Nia Rizkiyanti'!$M$6:$M$50,$J5)+COUNTIF('Nur Ainillah Nabawi'!$M$6:$M$50,$J5)+COUNTIF('Nurul Khairunnissa'!$M$6:$M$50,$J5)+COUNTIF('Putri Maharani'!$M$6:$M$50,$J5)+COUNTIF('Rika Kartika'!$M$6:$M$50,$J5)+COUNTIF('Riva Nur Fathiya Safitri'!$M$6:$M$50,$J5)+COUNTIF('Shintia Nur Fadillah'!$M$6:$M$50,$J5)+COUNTIF('Sinta Faoziah'!$M$6:$M$50,$J5)+COUNTIF('Tiara Anastasya Gumilar'!$M$6:$M$50,$J5)+COUNTIF('Tiara Maelani'!$M$6:$M$50,$J5) | M5: Calma Kitchen & Pool | N5: =COUNTIF('Aina Triyana Anggraini'!$N$6:$N$50,$M5)+COUNTIF('Aldi Suryadinata'!$N$6:$N$50,$M5)+COUNTIF('Asyahlan Hielmy'!$N$6:$N$50,$M5)+COUNTIF('Asyira Nur Haida'!$N$6:$N$50,$M5)+COUNTIF('Bayu Rizki Alfarizi'!$N$6:$N$50,$M5)+COUNTIF('Chandanie Nely Agustin'!$N$6:$N$50,$M5)+COUNTIF('Dida Zein Risty'!$N$6:$N$50,$M5)+COUNTIF('Fadil Rijatul Haq'!$N$6:$N$50,$M5)+COUNTIF('Faega Fitriani Dwi Putri'!$N$6:$N$50,$M5)+COUNTIF('Fajri Rizki Robbani'!$N$6:$N$50,$M5)+COUNTIF('Fakhri Safrudin Sopandi'!$N$6:$N$50,$M5)+COUNTIF('Moh. Rizky Nugraha'!$N$6:$N$50,$M5)+COUNTIF('Muhammad Akbar Putra'!$N$6:$N$50,$M5)+COUNTIF('Muhammad Hafidz Ramadhan'!$N$6:$N$50,$M5)+COUNTIF('Muhammad Lutfhi Mubarrok'!$N$6:$N$50,$M5)+COUNTIF('Muhammad Nadhira Shafar'!$N$6:$N$50,$M5)+COUNTIF('Muhammad Rafi Fakhrul Aiman'!$N$6:$N$50,$M5)+COUNTIF('Muhammad Reyvin Aryaguna'!$N$6:$N$50,$M5)+COUNTIF('Nadzar Akbar Subagja'!$N$6:$N$50,$M5)+COUNTIF('Najwan Muhammad Ghalib'!$N$6:$N$50,$M5)+COUNTIF('Nia Rizkiyanti'!$N$6:$N$50,$M5)+COUNTIF('Nur Ainillah Nabawi'!$N$6:$N$50,$M5)+COUNTIF('Nurul Khairunnissa'!$N$6:$N$50,$M5)+COUNTIF('Putri Maharani'!$N$6:$N$50,$M5)+COUNTIF('Rika Kartika'!$N$6:$N$50,$M5)+COUNTIF('Riva Nur Fathiya Safitri'!$N$6:$N$50,$M5)+COUNTIF('Shintia Nur Fadillah'!$N$6:$N$50,$M5)+COUNTIF('Sinta Faoziah'!$N$6:$N$50,$M5)+COUNTIF('Tiara Anastasya Gumilar'!$N$6:$N$50,$M5)+COUNTIF('Tiara Maelani'!$N$6:$N$50,$M5) | P5: Aldi Suryadinata | Q5: =COUNTA('Aldi Suryadinata'!$B$5:$B$54) | R5: =Q5+ROW()/100000 | T5: =INDEX($P$4:$P$33,MATCH(V5,$R$4:$R$33,0)) | U5: =INDEX($Q$4:$Q$33,MATCH(V5,$R$4:$R$33,0)) | V5: =LARGE($R$4:$R$33,2)
A6: Aquatike I | B6: =COUNTIF('Aina Triyana Anggraini'!$D$5:$D$54,$A6)+COUNTIF('Aldi Suryadinata'!$D$5:$D$54,$A6)+COUNTIF('Asyahlan Hielmy'!$D$5:$D$54,$A6)+COUNTIF('Asyira Nur Haida'!$D$5:$D$54,$A6)+COUNTIF('Bayu Rizki Alfarizi'!$D$5:$D$54,$A6)+COUNTIF('Chandanie Nely Agustin'!$D$5:$D$54,$A6)+COUNTIF('Dida Zein Risty'!$D$5:$D$54,$A6)+COUNTIF('Fadil Rijatul Haq'!$D$5:$D$54,$A6)+COUNTIF('Faega Fitriani Dwi Putri'!$D$5:$D$54,$A6)+COUNTIF('Fajri Rizki Robbani'!$D$5:$D$54,$A6)+COUNTIF('Fakhri Safrudin Sopandi'!$D$5:$D$54,$A6)+COUNTIF('Moh. Rizky Nugraha'!$D$5:$D$54,$A6)+COUNTIF('Muhammad Akbar Putra'!$D$5:$D$54,$A6)+COUNTIF('Muhammad Hafidz Ramadhan'!$D$5:$D$54,$A6)+COUNTIF('Muhammad Lutfhi Mubarrok'!$D$5:$D$54,$A6)+COUNTIF('Muhammad Nadhira Shafar'!$D$5:$D$54,$A6)+COUNTIF('Muhammad Rafi Fakhrul Aiman'!$D$5:$D$54,$A6)+COUNTIF('Muhammad Reyvin Aryaguna'!$D$5:$D$54,$A6)+COUNTIF('Nadzar Akbar Subagja'!$D$5:$D$54,$A6)+COUNTIF('Najwan Muhammad Ghalib'!$D$5:$D$54,$A6)+COUNTIF('Nia Rizkiyanti'!$D$5:$D$54,$A6)+COUNTIF('Nur Ainillah Nabawi'!$D$5:$D$54,$A6)+COUNTIF('Nurul Khairunnissa'!$D$5:$D$54,$A6)+COUNTIF('Putri Maharani'!$D$5:$D$54,$A6)+COUNTIF('Rika Kartika'!$D$5:$D$54,$A6)+COUNTIF('Riva Nur Fathiya Safitri'!$D$5:$D$54,$A6)+COUNTIF('Shintia Nur Fadillah'!$D$5:$D$54,$A6)+COUNTIF('Sinta Faoziah'!$D$5:$D$54,$A6)+COUNTIF('Tiara Anastasya Gumilar'!$D$5:$D$54,$A6)+COUNTIF('Tiara Maelani'!$D$5:$D$54,$A6) | D6: Group Class | E6: =COUNTIF('Aina Triyana Anggraini'!$C$5:$C$54,$D6)+COUNTIF('Aldi Suryadinata'!$C$5:$C$54,$D6)+COUNTIF('Asyahlan Hielmy'!$C$5:$C$54,$D6)+COUNTIF('Asyira Nur Haida'!$C$5:$C$54,$D6)+COUNTIF('Bayu Rizki Alfarizi'!$C$5:$C$54,$D6)+COUNTIF('Chandanie Nely Agustin'!$C$5:$C$54,$D6)+COUNTIF('Dida Zein Risty'!$C$5:$C$54,$D6)+COUNTIF('Fadil Rijatul Haq'!$C$5:$C$54,$D6)+COUNTIF('Faega Fitriani Dwi Putri'!$C$5:$C$54,$D6)+COUNTIF('Fajri Rizki Robbani'!$C$5:$C$54,$D6)+COUNTIF('Fakhri Safrudin Sopandi'!$C$5:$C$54,$D6)+COUNTIF('Moh. Rizky Nugraha'!$C$5:$C$54,$D6)+COUNTIF('Muhammad Akbar Putra'!$C$5:$C$54,$D6)+COUNTIF('Muhammad Hafidz Ramadhan'!$C$5:$C$54,$D6)+COUNTIF('Muhammad Lutfhi Mubarrok'!$C$5:$C$54,$D6)+COUNTIF('Muhammad Nadhira Shafar'!$C$5:$C$54,$D6)+COUNTIF('Muhammad Rafi Fakhrul Aiman'!$C$5:$C$54,$D6)+COUNTIF('Muhammad Reyvin Aryaguna'!$C$5:$C$54,$D6)+COUNTIF('Nadzar Akbar Subagja'!$C$5:$C$54,$D6)+COUNTIF('Najwan Muhammad Ghalib'!$C$5:$C$54,$D6)+COUNTIF('Nia Rizkiyanti'!$C$5:$C$54,$D6)+COUNTIF('Nur Ainillah Nabawi'!$C$5:$C$54,$D6)+COUNTIF('Nurul Khairunnissa'!$C$5:$C$54,$D6)+COUNTIF('Putri Maharani'!$C$5:$C$54,$D6)+COUNTIF('Rika Kartika'!$C$5:$C$54,$D6)+COUNTIF('Riva Nur Fathiya Safitri'!$C$5:$C$54,$D6)+COUNTIF('Shintia Nur Fadillah'!$C$5:$C$54,$D6)+COUNTIF('Sinta Faoziah'!$C$5:$C$54,$D6)+COUNTIF('Tiara Anastasya Gumilar'!$C$5:$C$54,$D6)+COUNTIF('Tiara Maelani'!$C$5:$C$54,$D6) | G6: Tinggi | H6: =COUNTIF('Aina Triyana Anggraini'!$F$5:$F$54,$G6)+COUNTIF('Aldi Suryadinata'!$F$5:$F$54,$G6)+COUNTIF('Asyahlan Hielmy'!$F$5:$F$54,$G6)+COUNTIF('Asyira Nur Haida'!$F$5:$F$54,$G6)+COUNTIF('Bayu Rizki Alfarizi'!$F$5:$F$54,$G6)+COUNTIF('Chandanie Nely Agustin'!$F$5:$F$54,$G6)+COUNTIF('Dida Zein Risty'!$F$5:$F$54,$G6)+COUNTIF('Fadil Rijatul Haq'!$F$5:$F$54,$G6)+COUNTIF('Faega Fitriani Dwi Putri'!$F$5:$F$54,$G6)+COUNTIF('Fajri Rizki Robbani'!$F$5:$F$54,$G6)+COUNTIF('Fakhri Safrudin Sopandi'!$F$5:$F$54,$G6)+COUNTIF('Moh. Rizky Nugraha'!$F$5:$F$54,$G6)+COUNTIF('Muhammad Akbar Putra'!$F$5:$F$54,$G6)+COUNTIF('Muhammad Hafidz Ramadhan'!$F$5:$F$54,$G6)+COUNTIF('Muhammad Lutfhi Mubarrok'!$F$5:$F$54,$G6)+COUNTIF('Muhammad Nadhira Shafar'!$F$5:$F$54,$G6)+COUNTIF('Muhammad Rafi Fakhrul Aiman'!$F$5:$F$54,$G6)+COUNTIF('Muhammad Reyvin Aryaguna'!$F$5:$F$54,$G6)+COUNTIF('Nadzar Akbar Subagja'!$F$5:$F$54,$G6)+COUNTIF('Najwan Muhammad Ghalib'!$F$5:$F$54,$G6)+COUNTIF('Nia Rizkiyanti'!$F$5:$F$54,$G6)+COUNTIF('Nur Ainillah Nabawi'!$F$5:$F$54,$G6)+COUNTIF('Nurul Khairunnissa'!$F$5:$F$54,$G6)+COUNTIF('Putri Maharani'!$F$5:$F$54,$G6)+COUNTIF('Rika Kartika'!$F$5:$F$54,$G6)+COUNTIF('Riva Nur Fathiya Safitri'!$F$5:$F$54,$G6)+COUNTIF('Shintia Nur Fadillah'!$F$5:$F$54,$G6)+COUNTIF('Sinta Faoziah'!$F$5:$F$54,$G6)+COUNTIF('Tiara Anastasya Gumilar'!$F$5:$F$54,$G6)+COUNTIF('Tiara Maelani'!$F$5:$F$54,$G6) | J6: Bandung Selatan | K6: =COUNTIF('Aina Triyana Anggraini'!$M$6:$M$50,$J6)+COUNTIF('Aldi Suryadinata'!$M$6:$M$50,$J6)+COUNTIF('Asyahlan Hielmy'!$M$6:$M$50,$J6)+COUNTIF('Asyira Nur Haida'!$M$6:$M$50,$J6)+COUNTIF('Bayu Rizki Alfarizi'!$M$6:$M$50,$J6)+COUNTIF('Chandanie Nely Agustin'!$M$6:$M$50,$J6)+COUNTIF('Dida Zein Risty'!$M$6:$M$50,$J6)+COUNTIF('Fadil Rijatul Haq'!$M$6:$M$50,$J6)+COUNTIF('Faega Fitriani Dwi Putri'!$M$6:$M$50,$J6)+COUNTIF('Fajri Rizki Robbani'!$M$6:$M$50,$J6)+COUNTIF('Fakhri Safrudin Sopandi'!$M$6:$M$50,$J6)+COUNTIF('Moh. Rizky Nugraha'!$M$6:$M$50,$J6)+COUNTIF('Muhammad Akbar Putra'!$M$6:$M$50,$J6)+COUNTIF('Muhammad Hafidz Ramadhan'!$M$6:$M$50,$J6)+COUNTIF('Muhammad Lutfhi Mubarrok'!$M$6:$M$50,$J6)+COUNTIF('Muhammad Nadhira Shafar'!$M$6:$M$50,$J6)+COUNTIF('Muhammad Rafi Fakhrul Aiman'!$M$6:$M$50,$J6)+COUNTIF('Muhammad Reyvin Aryaguna'!$M$6:$M$50,$J6)+COUNTIF('Nadzar Akbar Subagja'!$M$6:$M$50,$J6)+COUNTIF('Najwan Muhammad Ghalib'!$M$6:$M$50,$J6)+COUNTIF('Nia Rizkiyanti'!$M$6:$M$50,$J6)+COUNTIF('Nur Ainillah Nabawi'!$M$6:$M$50,$J6)+COUNTIF('Nurul Khairunnissa'!$M$6:$M$50,$J6)+COUNTIF('Putri Maharani'!$M$6:$M$50,$J6)+COUNTIF('Rika Kartika'!$M$6:$M$50,$J6)+COUNTIF('Riva Nur Fathiya Safitri'!$M$6:$M$50,$J6)+COUNTIF('Shintia Nur Fadillah'!$M$6:$M$50,$J6)+COUNTIF('Sinta Faoziah'!$M$6:$M$50,$J6)+COUNTIF('Tiara Anastasya Gumilar'!$M$6:$M$50,$J6)+COUNTIF('Tiara Maelani'!$M$6:$M$50,$J6) | M6: Cherryfield Club House | N6: =COUNTIF('Aina Triyana Anggraini'!$N$6:$N$50,$M6)+COUNTIF('Aldi Suryadinata'!$N$6:$N$50,$M6)+COUNTIF('Asyahlan Hielmy'!$N$6:$N$50,$M6)+COUNTIF('Asyira Nur Haida'!$N$6:$N$50,$M6)+COUNTIF('Bayu Rizki Alfarizi'!$N$6:$N$50,$M6)+COUNTIF('Chandanie Nely Agustin'!$N$6:$N$50,$M6)+COUNTIF('Dida Zein Risty'!$N$6:$N$50,$M6)+COUNTIF('Fadil Rijatul Haq'!$N$6:$N$50,$M6)+COUNTIF('Faega Fitriani Dwi Putri'!$N$6:$N$50,$M6)+COUNTIF('Fajri Rizki Robbani'!$N$6:$N$50,$M6)+COUNTIF('Fakhri Safrudin Sopandi'!$N$6:$N$50,$M6)+COUNTIF('Moh. Rizky Nugraha'!$N$6:$N$50,$M6)+COUNTIF('Muhammad Akbar Putra'!$N$6:$N$50,$M6)+COUNTIF('Muhammad Hafidz Ramadhan'!$N$6:$N$50,$M6)+COUNTIF('Muhammad Lutfhi Mubarrok'!$N$6:$N$50,$M6)+COUNTIF('Muhammad Nadhira Shafar'!$N$6:$N$50,$M6)+COUNTIF('Muhammad Rafi Fakhrul Aiman'!$N$6:$N$50,$M6)+COUNTIF('Muhammad Reyvin Aryaguna'!$N$6:$N$50,$M6)+COUNTIF('Nadzar Akbar Subagja'!$N$6:$N$50,$M6)+COUNTIF('Najwan Muhammad Ghalib'!$N$6:$N$50,$M6)+COUNTIF('Nia Rizkiyanti'!$N$6:$N$50,$M6)+COUNTIF('Nur Ainillah Nabawi'!$N$6:$N$50,$M6)+COUNTIF('Nurul Khairunnissa'!$N$6:$N$50,$M6)+COUNTIF('Putri Maharani'!$N$6:$N$50,$M6)+COUNTIF('Rika Kartika'!$N$6:$N$50,$M6)+COUNTIF('Riva Nur Fathiya Safitri'!$N$6:$N$50,$M6)+COUNTIF('Shintia Nur Fadillah'!$N$6:$N$50,$M6)+COUNTIF('Sinta Faoziah'!$N$6:$N$50,$M6)+COUNTIF('Tiara Anastasya Gumilar'!$N$6:$N$50,$M6)+COUNTIF('Tiara Maelani'!$N$6:$N$50,$M6) | P6: Asyahlan Hielmy | Q6: =COUNTA('Asyahlan Hielmy'!$B$5:$B$54) | R6: =Q6+ROW()/100000 | T6: =INDEX($P$4:$P$33,MATCH(V6,$R$4:$R$33,0)) | U6: =INDEX($Q$4:$Q$33,MATCH(V6,$R$4:$R$33,0)) | V6: =LARGE($R$4:$R$33,3)
A7: Aquatike II | B7: =COUNTIF('Aina Triyana Anggraini'!$D$5:$D$54,$A7)+COUNTIF('Aldi Suryadinata'!$D$5:$D$54,$A7)+COUNTIF('Asyahlan Hielmy'!$D$5:$D$54,$A7)+COUNTIF('Asyira Nur Haida'!$D$5:$D$54,$A7)+COUNTIF('Bayu Rizki Alfarizi'!$D$5:$D$54,$A7)+COUNTIF('Chandanie Nely Agustin'!$D$5:$D$54,$A7)+COUNTIF('Dida Zein Risty'!$D$5:$D$54,$A7)+COUNTIF('Fadil Rijatul Haq'!$D$5:$D$54,$A7)+COUNTIF('Faega Fitriani Dwi Putri'!$D$5:$D$54,$A7)+COUNTIF('Fajri Rizki Robbani'!$D$5:$D$54,$A7)+COUNTIF('Fakhri Safrudin Sopandi'!$D$5:$D$54,$A7)+COUNTIF('Moh. Rizky Nugraha'!$D$5:$D$54,$A7)+COUNTIF('Muhammad Akbar Putra'!$D$5:$D$54,$A7)+COUNTIF('Muhammad Hafidz Ramadhan'!$D$5:$D$54,$A7)+COUNTIF('Muhammad Lutfhi Mubarrok'!$D$5:$D$54,$A7)+COUNTIF('Muhammad Nadhira Shafar'!$D$5:$D$54,$A7)+COUNTIF('Muhammad Rafi Fakhrul Aiman'!$D$5:$D$54,$A7)+COUNTIF('Muhammad Reyvin Aryaguna'!$D$5:$D$54,$A7)+COUNTIF('Nadzar Akbar Subagja'!$D$5:$D$54,$A7)+COUNTIF('Najwan Muhammad Ghalib'!$D$5:$D$54,$A7)+COUNTIF('Nia Rizkiyanti'!$D$5:$D$54,$A7)+COUNTIF('Nur Ainillah Nabawi'!$D$5:$D$54,$A7)+COUNTIF('Nurul Khairunnissa'!$D$5:$D$54,$A7)+COUNTIF('Putri Maharani'!$D$5:$D$54,$A7)+COUNTIF('Rika Kartika'!$D$5:$D$54,$A7)+COUNTIF('Riva Nur Fathiya Safitri'!$D$5:$D$54,$A7)+COUNTIF('Shintia Nur Fadillah'!$D$5:$D$54,$A7)+COUNTIF('Sinta Faoziah'!$D$5:$D$54,$A7)+COUNTIF('Tiara Anastasya Gumilar'!$D$5:$D$54,$A7)+COUNTIF('Tiara Maelani'!$D$5:$D$54,$A7) | D7: Reguler Class | E7: =COUNTIF('Aina Triyana Anggraini'!$C$5:$C$54,$D7)+COUNTIF('Aldi Suryadinata'!$C$5:$C$54,$D7)+COUNTIF('Asyahlan Hielmy'!$C$5:$C$54,$D7)+COUNTIF('Asyira Nur Haida'!$C$5:$C$54,$D7)+COUNTIF('Bayu Rizki Alfarizi'!$C$5:$C$54,$D7)+COUNTIF('Chandanie Nely Agustin'!$C$5:$C$54,$D7)+COUNTIF('Dida Zein Risty'!$C$5:$C$54,$D7)+COUNTIF('Fadil Rijatul Haq'!$C$5:$C$54,$D7)+COUNTIF('Faega Fitriani Dwi Putri'!$C$5:$C$54,$D7)+COUNTIF('Fajri Rizki Robbani'!$C$5:$C$54,$D7)+COUNTIF('Fakhri Safrudin Sopandi'!$C$5:$C$54,$D7)+COUNTIF('Moh. Rizky Nugraha'!$C$5:$C$54,$D7)+COUNTIF('Muhammad Akbar Putra'!$C$5:$C$54,$D7)+COUNTIF('Muhammad Hafidz Ramadhan'!$C$5:$C$54,$D7)+COUNTIF('Muhammad Lutfhi Mubarrok'!$C$5:$C$54,$D7)+COUNTIF('Muhammad Nadhira Shafar'!$C$5:$C$54,$D7)+COUNTIF('Muhammad Rafi Fakhrul Aiman'!$C$5:$C$54,$D7)+COUNTIF('Muhammad Reyvin Aryaguna'!$C$5:$C$54,$D7)+COUNTIF('Nadzar Akbar Subagja'!$C$5:$C$54,$D7)+COUNTIF('Najwan Muhammad Ghalib'!$C$5:$C$54,$D7)+COUNTIF('Nia Rizkiyanti'!$C$5:$C$54,$D7)+COUNTIF('Nur Ainillah Nabawi'!$C$5:$C$54,$D7)+COUNTIF('Nurul Khairunnissa'!$C$5:$C$54,$D7)+COUNTIF('Putri Maharani'!$C$5:$C$54,$D7)+COUNTIF('Rika Kartika'!$C$5:$C$54,$D7)+COUNTIF('Riva Nur Fathiya Safitri'!$C$5:$C$54,$D7)+COUNTIF('Shintia Nur Fadillah'!$C$5:$C$54,$D7)+COUNTIF('Sinta Faoziah'!$C$5:$C$54,$D7)+COUNTIF('Tiara Anastasya Gumilar'!$C$5:$C$54,$D7)+COUNTIF('Tiara Maelani'!$C$5:$C$54,$D7) | G7: (Belum diisi) | H7: =B21-SUM(H4:H6) | J7: Bandung Timur | K7: =COUNTIF('Aina Triyana Anggraini'!$M$6:$M$50,$J7)+COUNTIF('Aldi Suryadinata'!$M$6:$M$50,$J7)+COUNTIF('Asyahlan Hielmy'!$M$6:$M$50,$J7)+COUNTIF('Asyira Nur Haida'!$M$6:$M$50,$J7)+COUNTIF('Bayu Rizki Alfarizi'!$M$6:$M$50,$J7)+COUNTIF('Chandanie Nely Agustin'!$M$6:$M$50,$J7)+COUNTIF('Dida Zein Risty'!$M$6:$M$50,$J7)+COUNTIF('Fadil Rijatul Haq'!$M$6:$M$50,$J7)+COUNTIF('Faega Fitriani Dwi Putri'!$M$6:$M$50,$J7)+COUNTIF('Fajri Rizki Robbani'!$M$6:$M$50,$J7)+COUNTIF('Fakhri Safrudin Sopandi'!$M$6:$M$50,$J7)+COUNTIF('Moh. Rizky Nugraha'!$M$6:$M$50,$J7)+COUNTIF('Muhammad Akbar Putra'!$M$6:$M$50,$J7)+COUNTIF('Muhammad Hafidz Ramadhan'!$M$6:$M$50,$J7)+COUNTIF('Muhammad Lutfhi Mubarrok'!$M$6:$M$50,$J7)+COUNTIF('Muhammad Nadhira Shafar'!$M$6:$M$50,$J7)+COUNTIF('Muhammad Rafi Fakhrul Aiman'!$M$6:$M$50,$J7)+COUNTIF('Muhammad Reyvin Aryaguna'!$M$6:$M$50,$J7)+COUNTIF('Nadzar Akbar Subagja'!$M$6:$M$50,$J7)+COUNTIF('Najwan Muhammad Ghalib'!$M$6:$M$50,$J7)+COUNTIF('Nia Rizkiyanti'!$M$6:$M$50,$J7)+COUNTIF('Nur Ainillah Nabawi'!$M$6:$M$50,$J7)+COUNTIF('Nurul Khairunnissa'!$M$6:$M$50,$J7)+COUNTIF('Putri Maharani'!$M$6:$M$50,$J7)+COUNTIF('Rika Kartika'!$M$6:$M$50,$J7)+COUNTIF('Riva Nur Fathiya Safitri'!$M$6:$M$50,$J7)+COUNTIF('Shintia Nur Fadillah'!$M$6:$M$50,$J7)+COUNTIF('Sinta Faoziah'!$M$6:$M$50,$J7)+COUNTIF('Tiara Anastasya Gumilar'!$M$6:$M$50,$J7)+COUNTIF('Tiara Maelani'!$M$6:$M$50,$J7) | M7: Hotel Cozy Catellya Boutique | N7: =COUNTIF('Aina Triyana Anggraini'!$N$6:$N$50,$M7)+COUNTIF('Aldi Suryadinata'!$N$6:$N$50,$M7)+COUNTIF('Asyahlan Hielmy'!$N$6:$N$50,$M7)+COUNTIF('Asyira Nur Haida'!$N$6:$N$50,$M7)+COUNTIF('Bayu Rizki Alfarizi'!$N$6:$N$50,$M7)+COUNTIF('Chandanie Nely Agustin'!$N$6:$N$50,$M7)+COUNTIF('Dida Zein Risty'!$N$6:$N$50,$M7)+COUNTIF('Fadil Rijatul Haq'!$N$6:$N$50,$M7)+COUNTIF('Faega Fitriani Dwi Putri'!$N$6:$N$50,$M7)+COUNTIF('Fajri Rizki Robbani'!$N$6:$N$50,$M7)+COUNTIF('Fakhri Safrudin Sopandi'!$N$6:$N$50,$M7)+COUNTIF('Moh. Rizky Nugraha'!$N$6:$N$50,$M7)+COUNTIF('Muhammad Akbar Putra'!$N$6:$N$50,$M7)+COUNTIF('Muhammad Hafidz Ramadhan'!$N$6:$N$50,$M7)+COUNTIF('Muhammad Lutfhi Mubarrok'!$N$6:$N$50,$M7)+COUNTIF('Muhammad Nadhira Shafar'!$N$6:$N$50,$M7)+COUNTIF('Muhammad Rafi Fakhrul Aiman'!$N$6:$N$50,$M7)+COUNTIF('Muhammad Reyvin Aryaguna'!$N$6:$N$50,$M7)+COUNTIF('Nadzar Akbar Subagja'!$N$6:$N$50,$M7)+COUNTIF('Najwan Muhammad Ghalib'!$N$6:$N$50,$M7)+COUNTIF('Nia Rizkiyanti'!$N$6:$N$50,$M7)+COUNTIF('Nur Ainillah Nabawi'!$N$6:$N$50,$M7)+COUNTIF('Nurul Khairunnissa'!$N$6:$N$50,$M7)+COUNTIF('Putri Maharani'!$N$6:$N$50,$M7)+COUNTIF('Rika Kartika'!$N$6:$N$50,$M7)+COUNTIF('Riva Nur Fathiya Safitri'!$N$6:$N$50,$M7)+COUNTIF('Shintia Nur Fadillah'!$N$6:$N$50,$M7)+COUNTIF('Sinta Faoziah'!$N$6:$N$50,$M7)+COUNTIF('Tiara Anastasya Gumilar'!$N$6:$N$50,$M7)+COUNTIF('Tiara Maelani'!$N$6:$N$50,$M7) | P7: Asyira Nur Haida | Q7: =COUNTA('Asyira Nur Haida'!$B$5:$B$54) | R7: =Q7+ROW()/100000 | T7: =INDEX($P$4:$P$33,MATCH(V7,$R$4:$R$33,0)) | U7: =INDEX($Q$4:$Q$33,MATCH(V7,$R$4:$R$33,0)) | V7: =LARGE($R$4:$R$33,4)
